Дата и время,Температура (C),Влажность (%),Давление (гПа),Ветер,Осадки,Облачность (%),Уровень UV-излучения,Метеорологические явления,Рассвет и закат
2024-03-16 16:03:32.565489,27.2,37,984,27,Hail,73,8.71,Fog,6:10 AM - 10:14 PM
2024-02-23 16:03:32.565623,30.41,73,1009,18,Hail,63,7.39,Fog,7:44 AM - 10:16 PM
2023-06-04 16:03:32.565665,25.67,40,1037,20,Rain,24,8.37,Tornado,7:07 AM - 9:06 PM
2024-02-23 16:03:32.565704,39.47,44,1003,4,Hail,57,8.59,None,5:35 AM - 7:03 PM
2024-01-15 16:03:32.565738,34.19,29,993,15,Rain,13,6.83,None,6:34 AM - 11:19 PM
2023-08-06 16:03:32.565778,-12.04,72,1043,22,Rain,51,4.01,Fog,7:24 AM - 9:56 PM
2023-10-07 16:03:32.565811,12.95,86,1014,11,Snow,63,5.32,Thunderstorm,4:38 AM - 5:20 PM
2024-04-18 16:03:32.566029,5.95,78,1044,2,Rain,93,9.61,Fog,7:19 AM - 8:57 PM
2023-09-21 16:03:32.566073,27.59,31,1041,6,Snow,33,1.21,Thunderstorm,8:17 AM - 10:45 PM
2024-05-15 16:03:32.566124,33.36,35,998,20,Hail,58,8.91,Thunderstorm,8:23 AM - 12:23 PM
2023-06-26 16:03:32.566160,-15.68,45,1049,3,None,18,3.27,None,4:01 AM - 8:50 PM
2024-04-06 16:03:32.566195,6.06,67,987,16,Hail,16,4.46,Thunderstorm,7:06 AM - 11:18 PM
2023-10-06 16:03:32.566229,33.62,86,1002,4,Hail,86,1.91,None,6:03 AM - 11:24 PM
2023-07-12 16:03:32.566277,21.86,79,1020,25,None,17,8.76,Fog,4:24 AM - 8:57 PM
2024-04-03 16:03:32.566311,36.12,82,985,1,None,9,8.57,None,5:40 AM - 6:12 PM
2024-02-17 16:03:32.566343,33.67,51,1050,24,Hail,28,5.41,Tornado,6:50 AM - 7:30 PM
2024-02-16 16:03:32.566452,16.89,26,983,15,Hail,72,8.87,Thunderstorm,8:16 AM - 11:18 PM
2023-11-13 16:03:32.566506,17.04,60,1024,16,None,23,1.41,Thunderstorm,7:39 AM - 9:55 PM
2024-04-20 16:03:32.566540,36.71,26,988,5,Hail,82,8.78,Thunderstorm,7:40 AM - 9:37 PM
2023-07-15 16:03:32.566570,-18.26,72,1039,15,Snow,6,6.68,Thunderstorm,7:11 AM - 10:47 PM
2023-11-06 16:03:32.566600,16.9,56,1049,0,None,97,5.71,Fog,6:14 AM - 9:15 PM
2024-05-07 16:03:32.566627,20.9,22,1007,13,Snow,31,10.0,None,6:27 AM - 9:37 PM
2023-06-20 16:03:32.566658,-19.52,54,1032,11,Hail,63,2.13,Tornado,5:13 AM - 9:26 PM
2023-10-03 16:03:32.566686,13.13,86,985,25,None,78,8.64,Fog,6:21 AM - 9:39 PM
2024-02-15 16:03:32.566714,-7.03,58,1021,23,Rain,14,8.27,Fog,7:09 AM - 8:39 PM
2024-04-03 16:03:32.566741,9.07,61,1009,28,None,21,3.01,Thunderstorm,7:28 AM - 9:46 PM
2024-05-14 16:03:32.566769,32.6,90,1048,24,Snow,79,9.4,Tornado,7:16 AM - 9:06 PM
2024-02-12 16:03:32.566802,-4.49,22,1020,6,Hail,54,6.6,Tornado,5:10 AM - 7:47 PM
2023-09-23 16:03:32.566831,30.11,26,1001,26,None,32,7.81,Thunderstorm,7:32 AM - 8:48 PM
2024-01-31 16:03:32.566859,-2.58,66,984,11,Snow,100,5.23,None,8:28 AM - 11:52 PM
2024-04-18 16:03:32.566977,-6.02,67,987,7,Rain,67,4.0,Tornado,5:47 AM - 10:18 PM
2024-05-09 16:03:32.567012,29.31,47,993,11,Rain,56,8.0,Thunderstorm,4:38 AM - 8:11 PM
2024-04-03 16:03:32.567043,26.21,88,1004,8,Rain,56,2.32,Tornado,4:09 AM - 9:27 PM
2023-06-16 16:03:32.567096,39.91,41,1041,7,Rain,36,2.32,Tornado,7:35 AM - 12:19 PM
2023-05-23 16:03:32.567131,-15.55,49,1020,21,Snow,81,5.31,Thunderstorm,7:45 AM - 9:56 PM
2023-06-25 16:03:32.567160,11.46,32,1024,3,Hail,57,8.83,Fog,6:56 AM - 8:50 PM
2023-09-16 16:03:32.567189,8.33,74,1022,20,None,31,4.31,Tornado,7:13 AM - 8:21 PM
2024-03-31 16:03:32.567218,15.23,59,994,17,Hail,67,4.45,Thunderstorm,8:36 AM - 10:51 PM
2023-06-23 16:03:32.567248,-10.18,89,1014,9,None,48,8.73,Tornado,6:33 AM - 11:29 PM
2023-06-02 16:03:32.567276,7.32,34,1033,11,None,51,9.79,Tornado,5:32 AM - 9:30 PM
2024-05-08 16:03:32.567305,14.86,63,1042,17,Snow,72,4.47,Fog,7:39 AM - 9:15 PM
2023-08-07 16:03:32.567335,-10.34,84,1016,24,Rain,52,8.11,Fog,8:33 AM - 11:31 PM
2024-04-09 16:03:32.567365,27.0,30,1000,30,Snow,10,1.52,None,6:09 AM - 12:18 PM
2024-01-19 16:03:32.567397,18.56,36,1037,27,Snow,98,8.51,Tornado,5:45 AM - 6:16 PM
2024-02-19 16:03:32.567458,29.66,24,1050,8,Hail,68,3.92,Tornado,6:56 AM - 7:05 PM
2024-05-19 16:03:32.567492,-13.46,79,1040,30,Hail,60,1.47,Thunderstorm,8:57 AM - 11:34 PM
2023-07-07 16:03:32.567522,3.15,74,992,1,Hail,97,5.38,None,5:11 AM - 7:29 PM
2024-05-07 16:03:32.567557,36.89,31,1006,26,None,23,8.86,Tornado,8:13 AM - 9:36 PM
2024-04-06 16:03:32.567592,34.36,48,1030,9,Rain,78,7.31,Thunderstorm,6:13 AM - 10:52 PM
2024-04-05 16:03:32.567622,-4.49,41,1006,11,Rain,50,7.25,Tornado,7:31 AM - 8:48 PM
2024-04-29 16:03:32.567653,27.7,61,1014,24,Rain,61,9.95,Tornado,6:36 AM - 12:23 PM
2023-07-23 16:03:32.567685,21.2,28,1034,17,Rain,15,7.33,Fog,8:18 AM - 9:09 PM
2023-06-19 16:03:32.567718,15.91,60,1012,17,Snow,63,9.42,Fog,8:11 AM - 11:32 PM
2023-07-10 16:03:32.567749,-3.42,75,1030,30,Hail,67,8.55,Fog,8:01 AM - 12:48 PM
2023-10-30 16:03:32.567782,6.47,49,1037,13,None,13,8.02,Tornado,8:06 AM - 11:35 PM
2024-04-23 16:03:32.567813,18.72,21,1039,17,Hail,64,1.94,Thunderstorm,7:55 AM - 10:47 PM
2024-03-28 16:03:32.567842,-9.62,57,1004,20,Snow,18,9.25,Thunderstorm,8:37 AM - 11:33 PM
2024-04-17 16:03:32.567884,-1.15,71,1032,13,None,43,9.65,Thunderstorm,6:11 AM - 12:36 PM
2024-05-02 16:03:32.567917,6.09,71,1043,8,Hail,40,8.85,Fog,7:34 AM - 12:14 PM
2024-02-11 16:03:32.567948,32.56,58,1019,1,Hail,36,1.9,Fog,6:05 AM - 10:20 PM
2023-08-29 16:03:32.567979,-0.93,35,1021,18,None,64,4.2,None,5:08 AM - 8:49 PM
2023-10-26 16:03:32.568012,-7.93,81,989,19,Snow,43,3.02,Tornado,5:55 AM - 9:21 PM
2024-01-08 16:03:32.568041,-6.55,83,1005,11,Snow,23,8.82,Thunderstorm,5:56 AM - 10:05 PM
2023-07-08 16:03:32.568072,19.03,32,981,17,Rain,0,9.44,Fog,8:51 AM - 10:10 PM
2023-11-29 16:03:32.568129,23.32,61,996,2,None,81,2.27,None,5:02 AM - 6:07 PM
2024-03-13 16:03:32.568163,-12.65,67,1024,12,None,1,9.78,Fog,6:34 AM - 9:02 PM
2023-09-27 16:03:32.568194,32.06,57,1028,10,Rain,74,7.45,Fog,8:09 AM - 10:29 PM
2023-10-22 16:03:32.568225,-5.25,56,1021,20,Rain,17,1.43,Thunderstorm,6:37 AM - 12:42 PM
2024-03-10 16:03:32.568254,26.74,51,1017,9,None,45,3.7,Fog,6:56 AM - 9:13 PM
2023-07-06 16:03:32.568292,-18.06,72,1043,24,Rain,22,7.57,Tornado,7:19 AM - 8:49 PM
2023-12-31 16:03:32.568320,9.1,77,1010,10,Rain,12,9.46,None,6:55 AM - 8:56 PM
2024-05-04 16:03:32.568347,14.57,71,1041,23,Hail,61,2.33,Fog,6:05 AM - 11:05 PM
2023-09-01 16:03:32.568375,24.47,24,1021,20,Snow,13,8.0,Fog,4:17 AM - 6:53 PM
2023-12-23 16:03:32.568409,5.88,55,989,23,Snow,47,7.12,Fog,7:24 AM - 12:19 PM
2023-09-02 16:03:32.568437,0.27,58,1045,23,Rain,57,8.22,None,6:57 AM - 12:23 PM
2023-09-10 16:03:32.568470,35.78,80,1028,27,Snow,100,1.92,Thunderstorm,4:34 AM - 5:21 PM
2023-11-18 16:03:32.568505,-2.4,38,1006,9,Snow,23,1.96,None,6:44 AM - 11:53 PM
2023-11-23 16:03:32.568540,-11.11,67,984,17,Rain,88,5.07,None,6:01 AM - 12:30 PM
2023-07-05 16:03:32.568575,-10.23,48,1039,21,Snow,72,5.33,Tornado,4:20 AM - 9:30 PM
2024-03-27 16:03:32.568607,21.94,44,998,16,Snow,24,2.72,Tornado,5:59 AM - 8:51 PM
2023-06-04 16:03:32.568638,-14.51,42,1024,16,Snow,25,3.15,Fog,8:14 AM - 9:05 PM
2023-06-24 16:03:32.568669,35.93,54,1010,11,Rain,92,7.02,Thunderstorm,7:49 AM - 11:59 PM
2023-09-23 16:03:32.568700,14.83,61,1049,12,None,31,9.45,None,7:26 AM - 8:19 PM
2024-05-14 16:03:32.568756,35.96,34,1014,8,Snow,97,6.99,Thunderstorm,4:54 AM - 11:29 PM
2024-02-23 16:03:32.568786,30.47,84,1044,21,Snow,74,3.94,Fog,6:11 AM - 7:27 PM
2024-03-28 16:03:32.568816,4.17,22,1028,25,Rain,7,4.46,None,7:14 AM - 8:25 PM
2023-11-25 16:03:32.568845,-3.59,78,1033,17,Snow,8,4.25,Fog,7:55 AM - 8:25 PM
2023-11-24 16:03:32.568884,19.36,39,1043,16,Hail,89,6.17,Fog,6:19 AM - 12:38 PM
2023-11-12 16:03:32.568918,18.51,48,1009,6,None,46,2.06,Thunderstorm,8:22 AM - 9:29 PM
2024-01-18 16:03:32.568955,16.9,34,1016,16,None,94,4.39,None,4:12 AM - 12:39 PM
2023-07-10 16:03:32.568991,36.04,78,1042,0,Hail,27,9.8,Fog,6:07 AM - 7:51 PM
2024-05-19 16:03:32.569027,7.31,85,987,7,None,90,6.98,Fog,5:12 AM - 12:44 PM
2024-01-25 16:03:32.569064,27.26,38,994,22,Hail,97,2.8,Fog,4:30 AM - 12:58 PM
2023-08-19 16:03:32.569114,5.62,50,1031,29,None,56,1.47,Fog,8:12 AM - 9:20 PM
2023-11-24 16:03:32.569150,-3.73,80,1044,25,Rain,40,3.87,Thunderstorm,6:50 AM - 10:06 PM
2023-07-26 16:03:32.569186,15.86,87,1012,11,Snow,7,5.56,None,6:58 AM - 12:53 PM
2023-06-10 16:03:32.569300,11.13,87,1046,26,Rain,72,7.82,None,8:52 AM - 9:02 PM
2024-03-14 16:03:32.569341,30.08,37,999,10,None,87,2.66,Tornado,5:59 AM - 6:20 PM
2024-03-18 16:03:32.569377,30.87,41,1031,29,None,25,7.03,Tornado,4:48 AM - 7:02 PM
2023-06-04 16:03:32.569412,-0.77,47,1010,23,Hail,17,8.82,Tornado,6:41 AM - 7:08 PM
2024-02-14 16:03:32.569448,-10.23,61,1014,17,Snow,39,2.29,Fog,8:02 AM - 11:48 PM
2023-12-13 16:03:32.569485,5.06,33,998,2,Hail,79,3.04,Tornado,7:48 AM - 9:02 PM
2023-11-10 16:03:32.569521,15.86,49,995,26,Hail,77,8.23,Fog,4:22 AM - 11:38 PM
2023-11-26 16:03:32.569557,0.82,23,981,28,Snow,40,1.23,Thunderstorm,6:26 AM - 8:52 PM
2023-08-09 16:03:32.569593,10.52,27,1015,14,Rain,86,4.88,Tornado,5:12 AM - 12:23 PM
2024-03-20 16:03:32.569629,9.67,30,1048,4,Snow,99,1.3,Thunderstorm,4:30 AM - 9:24 PM
2023-12-18 16:03:32.569663,7.61,47,985,27,Hail,35,4.97,Thunderstorm,5:59 AM - 7:06 PM
2023-07-23 16:03:32.569701,5.18,41,993,0,Rain,40,6.8,Tornado,4:40 AM - 7:57 PM
2023-11-19 16:03:32.569736,29.98,64,986,8,Rain,99,7.85,Thunderstorm,6:09 AM - 8:49 PM
2023-09-02 16:03:32.569773,0.55,21,999,7,Snow,39,7.97,None,6:04 AM - 12:46 PM
2024-03-16 16:03:32.569808,-12.54,50,1044,10,Snow,42,1.55,None,5:09 AM - 10:52 PM
2024-02-18 16:03:32.569844,-6.61,31,1026,13,Snow,91,8.11,Thunderstorm,4:28 AM - 10:59 PM
2024-03-13 16:03:32.569888,0.66,40,1016,20,None,9,4.36,Thunderstorm,7:56 AM - 8:31 PM
2023-11-23 16:03:32.569924,29.13,31,1014,11,Rain,84,4.18,Tornado,7:27 AM - 8:37 PM
2023-11-04 16:03:32.569959,-3.99,51,1013,21,None,82,3.56,None,6:58 AM - 7:47 PM
2023-10-26 16:03:32.569995,12.53,51,1037,1,Rain,45,6.84,Tornado,5:27 AM - 12:12 PM
2023-10-05 16:03:32.570029,2.95,85,1002,21,Hail,74,5.21,Thunderstorm,8:21 AM - 11:07 PM
2023-10-01 16:03:32.570065,26.8,55,1021,14,Hail,71,1.91,Thunderstorm,7:14 AM - 12:17 PM
2023-12-25 16:03:32.570117,14.27,61,1017,24,Rain,62,8.34,Thunderstorm,6:53 AM - 7:34 PM
2023-10-29 16:03:32.570153,-12.11,42,1021,5,None,29,4.78,Tornado,8:53 AM - 12:56 PM
2024-01-12 16:03:32.570189,37.76,45,996,10,Rain,83,3.08,None,8:42 AM - 12:58 PM
2023-11-07 16:03:32.570224,21.24,40,1007,14,None,100,7.48,Thunderstorm,6:43 AM - 9:57 PM
2023-05-27 16:03:32.570260,6.43,64,1046,3,None,34,9.22,Fog,7:38 AM - 11:35 PM
2023-10-21 16:03:32.570295,9.02,63,988,23,Hail,32,3.99,Fog,5:16 AM - 7:54 PM
2024-02-20 16:03:32.570331,-7.07,24,1014,17,Snow,51,1.5,None,4:49 AM - 12:42 PM
2024-03-04 16:03:32.570489,3.43,40,997,9,Snow,37,1.95,None,8:47 AM - 10:41 PM
2023-06-08 16:03:32.570595,38.67,77,985,23,Hail,58,6.02,Fog,4:38 AM - 5:14 PM
2023-05-25 16:03:32.570637,-7.36,62,1019,16,Rain,55,6.99,None,5:41 AM - 9:36 PM
2023-09-24 16:03:32.570674,-9.21,51,1047,6,Rain,37,9.59,Fog,4:36 AM - 12:55 PM
2023-06-26 16:03:32.570711,5.38,41,994,17,Hail,58,5.85,None,5:37 AM - 12:41 PM
2023-07-26 16:03:32.570747,-10.59,20,986,28,None,85,4.59,Fog,5:58 AM - 12:10 PM
2023-09-27 16:03:32.570786,36.6,38,1013,1,Snow,33,3.21,None,6:21 AM - 9:15 PM
2023-07-20 16:03:32.570823,-12.1,73,1030,17,Snow,99,9.84,Fog,7:54 AM - 11:28 PM
2023-07-13 16:03:32.570860,9.44,61,1047,6,None,39,6.42,Fog,5:47 AM - 7:26 PM
2023-07-20 16:03:32.570896,3.64,30,981,11,Snow,80,1.68,Thunderstorm,8:14 AM - 9:47 PM
2023-11-01 16:03:32.570934,33.78,50,1049,12,Rain,63,8.52,Fog,4:33 AM - 10:36 PM
2023-12-26 16:03:32.571023,-16.87,71,1033,24,None,40,2.17,Fog,5:14 AM - 9:03 PM
2024-02-05 16:03:32.571073,36.25,49,1046,10,Rain,11,2.51,Thunderstorm,5:02 AM - 6:35 PM
2023-10-18 16:03:32.571203,15.45,34,997,20,Rain,8,5.5,Fog,4:00 AM - 11:40 PM
2024-05-06 16:03:32.571255,18.82,50,1048,23,Snow,15,6.95,Thunderstorm,8:05 AM - 10:21 PM
2023-08-21 16:03:32.571291,8.85,36,1022,16,Rain,97,4.16,Fog,4:26 AM - 6:42 PM
2024-02-28 16:03:32.571326,10.18,56,1041,4,None,13,4.25,Thunderstorm,6:24 AM - 8:13 PM
2024-05-17 16:03:32.571360,-0.65,43,1038,10,Rain,99,9.65,None,5:04 AM - 11:49 PM
2024-04-09 16:03:32.571382,-13.39,45,1047,23,Rain,83,6.88,None,4:56 AM - 6:46 PM
2024-05-06 16:03:32.571404,-1.56,84,1021,2,Rain,86,6.3,None,4:29 AM - 8:21 PM
2023-09-12 16:03:32.571424,28.73,89,994,12,Snow,25,4.41,None,8:31 AM - 9:02 PM
2023-09-14 16:03:32.571445,35.22,82,1000,1,None,35,4.62,None,4:13 AM - 9:19 PM
2024-03-05 16:03:32.571468,-17.52,41,994,10,None,72,1.07,Fog,7:57 AM - 8:15 PM
2024-03-21 16:03:32.571488,24.31,35,981,26,None,48,3.85,Fog,5:34 AM - 6:57 PM
2023-06-05 16:03:32.571520,26.72,22,1009,20,None,69,4.11,Thunderstorm,5:53 AM - 11:42 PM
2023-06-06 16:03:32.571542,13.36,87,1033,27,Hail,88,8.55,None,5:11 AM - 8:41 PM
2023-07-10 16:03:32.571562,16.37,20,1033,20,Snow,58,9.12,Fog,8:43 AM - 12:01 PM
2023-11-30 16:03:32.571584,-16.32,55,1035,20,Hail,46,5.42,None,6:31 AM - 11:34 PM
2023-07-31 16:03:32.571604,-2.05,40,1012,12,Snow,4,4.93,Tornado,8:19 AM - 12:25 PM
2023-09-19 16:03:32.571625,-15.58,87,1042,3,None,95,8.8,Fog,5:33 AM - 7:30 PM
2024-03-19 16:03:32.571646,4.17,38,1009,22,None,13,9.48,None,8:13 AM - 9:37 PM
2024-01-16 16:03:32.571666,-14.86,48,1009,19,None,57,1.51,Tornado,8:05 AM - 12:55 PM
2023-12-19 16:03:32.571686,-17.39,54,1002,20,Hail,95,1.73,Tornado,7:50 AM - 11:23 PM
2023-12-12 16:03:32.571706,-7.42,45,1044,25,Hail,2,4.97,Fog,8:56 AM - 11:33 PM
2023-05-28 16:03:32.571725,-9.47,34,987,7,Hail,67,9.98,Tornado,6:32 AM - 8:19 PM
2024-01-01 16:03:32.571746,-13.34,26,1019,29,Snow,22,4.8,Tornado,7:52 AM - 10:48 PM
2023-12-28 16:03:32.571766,-15.29,41,1040,15,None,97,9.5,Fog,4:35 AM - 12:28 PM
2023-10-22 16:03:32.571786,-8.74,26,980,21,Rain,84,2.84,Tornado,6:19 AM - 9:01 PM
2023-12-27 16:03:32.571806,-5.79,36,995,10,Snow,11,8.19,Fog,6:24 AM - 12:13 PM
2024-02-13 16:03:32.571837,-11.23,78,1020,23,Rain,44,5.56,Tornado,8:41 AM - 11:44 PM
2023-07-25 16:03:32.571860,-1.15,70,998,6,Hail,10,8.02,Tornado,7:03 AM - 11:04 PM
2023-05-23 16:03:32.571879,-5.65,48,997,22,None,1,1.09,Fog,7:35 AM - 11:10 PM
2024-05-19 16:03:32.571898,33.55,61,997,8,Hail,50,5.74,Fog,6:36 AM - 9:30 PM
2023-07-13 16:03:32.571917,1.4,28,1037,24,Rain,65,1.25,Thunderstorm,6:31 AM - 12:41 PM
2024-02-27 16:03:32.571937,-0.71,58,1031,1,Snow,52,4.96,Thunderstorm,6:03 AM - 9:25 PM
2023-07-22 16:03:32.571963,29.98,28,1017,14,Hail,2,8.92,Fog,6:33 AM - 10:29 PM
2024-02-24 16:03:32.571983,-11.93,47,1003,5,Rain,70,5.06,Tornado,8:24 AM - 9:10 PM
2023-06-09 16:03:32.572017,35.16,61,996,25,None,95,8.6,Fog,6:40 AM - 11:57 PM
2023-07-24 16:03:32.572037,1.74,44,1027,26,Hail,60,3.85,None,4:38 AM - 10:31 PM
2024-03-19 16:03:32.572056,29.58,61,1040,25,Rain,29,7.75,Fog,5:36 AM - 11:46 PM
2024-03-20 16:03:32.572074,-7.86,36,1003,8,Snow,82,3.29,None,8:06 AM - 11:08 PM
2024-03-18 16:03:32.572131,10.93,61,1042,29,None,23,2.0,Thunderstorm,6:08 AM - 11:54 PM
2024-04-21 16:03:32.572159,19.53,74,1035,30,Hail,96,3.82,Fog,4:54 AM - 12:41 PM
2023-12-23 16:03:32.572179,22.92,52,990,18,Hail,22,4.56,Fog,5:25 AM - 10:16 PM
2024-04-18 16:03:32.572198,32.16,77,1037,21,None,51,7.21,None,5:40 AM - 12:04 PM
2024-03-29 16:03:32.572216,8.78,68,1037,5,None,68,2.0,Thunderstorm,4:55 AM - 7:51 PM
2024-05-22 16:03:32.572236,7.56,42,1016,15,None,49,4.88,None,7:59 AM - 12:13 PM
2023-06-21 16:03:32.572255,28.71,87,1005,11,Hail,93,8.04,Tornado,8:07 AM - 10:31 PM
2023-08-15 16:03:32.572275,31.99,54,1050,6,Rain,45,1.63,Thunderstorm,4:58 AM - 12:05 PM
2023-07-21 16:03:32.572294,-5.91,62,981,21,Rain,98,6.02,Thunderstorm,6:14 AM - 7:44 PM
2023-10-21 16:03:32.572313,9.0,84,1031,0,Rain,89,6.22,Tornado,8:56 AM - 10:33 PM
2023-11-23 16:03:32.572333,22.57,33,1027,21,Rain,44,7.08,None,8:15 AM - 12:41 PM
2023-08-26 16:03:32.572352,8.66,66,1039,0,Snow,84,8.36,Thunderstorm,4:03 AM - 7:27 PM
2023-08-05 16:03:32.572373,-18.42,86,982,10,Hail,19,5.13,None,7:24 AM - 12:12 PM
2023-08-14 16:03:32.572392,-15.78,81,987,6,None,11,7.02,Tornado,6:11 AM - 9:52 PM
2023-06-21 16:03:32.572412,-2.08,45,1039,1,Snow,30,2.81,Fog,5:26 AM - 8:03 PM
2023-05-27 16:03:32.572430,0.23,21,989,23,Snow,13,8.79,Tornado,4:53 AM - 8:07 PM
2023-08-21 16:03:32.572450,11.55,49,1005,22,Snow,74,1.58,Tornado,5:48 AM - 9:41 PM
2024-01-27 16:03:32.572471,12.31,60,1048,25,Hail,38,4.43,Thunderstorm,8:24 AM - 9:26 PM
2024-05-07 16:03:32.572553,-5.29,80,1027,7,Rain,38,6.51,Thunderstorm,5:20 AM - 6:31 PM
2023-10-02 16:03:32.572578,11.88,32,1014,18,Snow,98,1.82,Thunderstorm,7:18 AM - 11:28 PM
2024-01-06 16:03:32.572598,-7.17,25,1002,29,Snow,0,5.43,Tornado,6:58 AM - 12:03 PM
2024-03-31 16:03:32.572618,6.95,77,995,19,Hail,90,1.59,Fog,5:31 AM - 12:47 PM
2023-08-14 16:03:32.572639,-15.18,48,1015,0,Rain,48,4.5,None,6:10 AM - 11:31 PM
2024-03-10 16:03:32.572659,12.9,34,1043,5,None,1,4.62,None,5:43 AM - 7:02 PM
2024-03-09 16:03:32.572678,-4.87,60,1008,27,None,29,5.06,None,6:54 AM - 11:00 PM
2024-01-29 16:03:32.572697,29.49,63,1047,1,Snow,93,4.18,None,6:30 AM - 11:51 PM
2024-02-29 16:03:32.572716,2.3,84,1005,10,None,58,2.54,Fog,5:47 AM - 11:58 PM
2023-07-10 16:03:32.572734,-14.1,27,984,27,Hail,52,9.48,None,4:00 AM - 6:26 PM
2023-12-28 16:03:32.572754,8.42,78,1038,16,Rain,56,7.54,Tornado,5:26 AM - 8:41 PM
2023-11-12 16:03:32.572773,0.75,36,1016,17,Rain,95,1.39,Thunderstorm,5:32 AM - 12:08 PM
2023-06-13 16:03:32.572793,-18.68,25,1011,3,Hail,0,2.3,Tornado,8:23 AM - 10:16 PM
2023-08-05 16:03:32.572811,-9.93,38,1031,5,Rain,4,7.26,None,7:08 AM - 12:03 PM
2023-08-27 16:03:32.572831,7.97,87,1029,23,Rain,21,5.46,Fog,5:17 AM - 12:18 PM
2023-09-10 16:03:32.572849,-3.09,41,1037,5,Hail,57,5.95,Tornado,7:27 AM - 11:51 PM
2023-06-06 16:03:32.572869,13.94,85,1004,8,Snow,39,7.05,None,4:16 AM - 5:08 PM
2024-05-05 16:03:32.572888,-1.15,53,987,15,None,47,8.0,Thunderstorm,4:24 AM - 6:20 PM
2023-07-17 16:03:32.572910,15.15,54,1027,19,Snow,42,1.75,Fog,8:31 AM - 10:18 PM
2024-02-08 16:03:32.572930,5.46,77,1032,12,None,49,5.79,Fog,8:54 AM - 10:53 PM
2024-02-26 16:03:32.572957,-13.21,38,981,27,Hail,31,8.78,None,4:52 AM - 11:11 PM
2024-05-02 16:03:32.572976,-19.09,86,1007,29,Hail,15,7.87,Fog,7:48 AM - 11:13 PM
2023-07-29 16:03:32.572995,-13.0,84,1014,20,Snow,77,9.8,Thunderstorm,8:19 AM - 11:11 PM
2024-04-23 16:03:32.573014,15.16,42,997,12,Snow,71,6.88,None,8:18 AM - 9:41 PM
2023-06-04 16:03:32.573033,16.19,23,1016,3,Hail,28,6.39,Thunderstorm,7:57 AM - 9:23 PM
2023-08-05 16:03:32.573051,9.28,31,1017,10,None,70,7.1,Tornado,6:19 AM - 10:07 PM
2023-08-28 16:03:32.573070,-4.04,72,1016,9,None,97,2.23,Thunderstorm,8:14 AM - 9:51 PM
2023-12-19 16:03:32.573114,-12.5,71,1034,17,None,75,4.68,Tornado,7:23 AM - 9:09 PM
2023-10-29 16:03:32.573142,32.71,50,1035,24,Hail,80,5.24,None,7:57 AM - 12:20 PM
2023-11-15 16:03:32.573161,20.97,71,1032,2,Snow,40,9.06,Fog,5:42 AM - 10:57 PM
2024-03-24 16:03:32.573180,-16.7,82,1036,15,Hail,45,4.82,Thunderstorm,5:30 AM - 7:47 PM
2024-05-15 16:03:32.573199,18.47,20,1018,8,Rain,67,4.18,None,8:01 AM - 11:33 PM
2024-03-11 16:03:32.573219,-8.91,90,997,27,Snow,66,1.3,None,8:14 AM - 12:46 PM
2024-05-07 16:03:32.573238,33.34,49,1036,15,Hail,24,9.01,None,4:35 AM - 11:42 PM
2024-05-14 16:03:32.573256,-7.84,59,1013,13,Snow,35,3.15,None,5:17 AM - 6:07 PM
2023-06-06 16:03:32.573276,24.46,36,1030,0,Snow,53,4.07,Fog,4:39 AM - 7:29 PM
2023-07-06 16:03:32.573294,37.58,59,1025,16,None,72,6.03,None,7:32 AM - 9:43 PM
2024-05-18 16:03:32.573314,-3.53,72,1044,22,Rain,46,1.51,None,7:31 AM - 9:28 PM
2024-05-10 16:03:32.573332,-2.48,30,1042,8,Snow,63,2.12,Thunderstorm,4:53 AM - 8:01 PM
2024-04-26 16:03:32.573351,-11.95,65,1036,7,Rain,41,6.57,Thunderstorm,8:30 AM - 12:09 PM
2024-01-23 16:03:32.573371,34.79,74,980,10,Rain,98,6.04,None,7:16 AM - 11:37 PM
2024-01-26 16:03:32.573390,-15.79,90,1036,6,Snow,40,8.03,Tornado,6:13 AM - 11:59 PM
2023-09-28 16:03:32.573409,-6.95,21,995,13,Rain,14,6.5,Thunderstorm,8:38 AM - 12:06 PM
2023-11-27 16:03:32.573428,-0.03,90,994,30,Snow,4,1.05,Thunderstorm,6:05 AM - 12:16 PM
2023-09-16 16:03:32.573448,23.19,60,1007,6,Snow,34,5.39,Thunderstorm,8:19 AM - 10:29 PM
2023-11-21 16:03:32.573469,10.99,63,1034,25,Hail,3,1.05,Fog,5:48 AM - 9:01 PM
2023-11-06 16:03:32.573487,-18.58,67,1013,20,Snow,46,2.5,None,5:21 AM - 12:47 PM
2024-04-28 16:03:32.573506,26.49,66,980,2,Rain,43,7.29,Thunderstorm,7:09 AM - 10:45 PM
2023-08-16 16:03:32.573525,38.73,42,1037,12,Hail,31,3.76,Tornado,8:58 AM - 11:41 PM
2024-01-08 16:03:32.573544,0.12,22,1041,17,None,73,2.55,Tornado,4:01 AM - 10:29 PM
2023-05-27 16:03:32.573563,31.05,39,1022,17,None,57,6.78,Thunderstorm,5:04 AM - 9:53 PM
2023-12-29 16:03:32.573582,-0.36,90,1042,19,None,81,3.88,Fog,8:51 AM - 11:55 PM
2023-06-04 16:03:32.573601,29.66,20,1005,14,Snow,97,4.26,Fog,6:26 AM - 10:11 PM
2023-06-03 16:03:32.573620,30.22,85,998,7,Hail,72,2.1,Thunderstorm,8:34 AM - 12:36 PM
2024-04-02 16:03:32.573639,7.69,24,1021,21,None,53,1.28,None,7:15 AM - 10:36 PM
2023-12-12 16:03:32.573658,-7.49,49,1018,26,Rain,6,6.31,Tornado,6:41 AM - 10:36 PM
2023-06-10 16:03:32.573677,6.01,85,1021,28,Snow,4,5.39,None,4:31 AM - 11:37 PM
2024-02-22 16:03:32.573696,-5.57,70,1020,8,Hail,14,7.86,None,8:09 AM - 9:12 PM
2023-08-24 16:03:32.573714,8.39,76,1043,9,Hail,72,6.55,None,4:56 AM - 9:51 PM
2024-02-02 16:03:32.573733,28.5,35,1048,19,None,14,1.74,Tornado,7:21 AM - 9:28 PM
2024-02-18 16:03:32.573752,19.56,89,981,22,Hail,32,2.94,None,7:03 AM - 10:56 PM
2023-11-29 16:03:32.573771,6.8,70,987,0,None,56,9.39,Fog,8:42 AM - 10:14 PM
2024-01-12 16:03:32.573789,0.35,56,1002,10,Hail,93,9.09,Fog,5:44 AM - 9:30 PM
2024-05-17 16:03:32.573808,1.95,32,994,28,Snow,51,8.75,Thunderstorm,7:45 AM - 9:20 PM
2023-07-03 16:03:32.573828,38.63,39,1046,8,None,55,6.41,None,6:29 AM - 10:17 PM
2024-03-17 16:03:32.573846,-4.6,42,1030,2,Hail,90,5.32,Thunderstorm,4:05 AM - 8:44 PM
2023-09-17 16:03:32.573867,12.45,71,991,15,Rain,37,7.68,Fog,8:27 AM - 12:25 PM
2024-02-26 16:03:32.573885,-2.06,48,1002,2,Hail,41,5.89,Tornado,5:23 AM - 10:07 PM
2024-03-07 16:03:32.573904,-18.16,45,1011,1,None,57,8.78,Fog,6:01 AM - 9:29 PM
2023-08-13 16:03:32.573923,-18.9,55,1039,27,Rain,85,9.33,Fog,8:07 AM - 12:00 PM
2023-07-04 16:03:32.573942,18.76,40,1047,24,None,96,3.69,Tornado,6:32 AM - 8:57 PM
2023-10-09 16:03:32.574126,20.33,78,1000,15,Snow,10,8.24,Tornado,5:31 AM - 9:59 PM
2024-04-14 16:03:32.574164,29.69,22,1033,7,Snow,42,3.37,Tornado,8:25 AM - 9:17 PM
2024-05-22 16:03:32.574186,11.21,58,1048,0,Rain,47,6.15,Fog,8:35 AM - 12:16 PM
2023-11-04 16:03:32.574206,11.36,24,1015,2,Snow,50,9.49,None,6:21 AM - 8:01 PM
2024-01-03 16:03:32.574226,23.86,38,1027,22,Snow,98,2.36,Fog,5:03 AM - 11:51 PM
2024-04-10 16:03:32.574260,4.62,56,994,20,None,11,8.07,Thunderstorm,6:09 AM - 7:33 PM
2024-02-26 16:03:32.574282,2.43,44,1039,17,Rain,6,5.31,Fog,7:21 AM - 9:25 PM
2024-03-04 16:03:32.574303,29.99,53,986,10,Snow,26,1.12,None,4:35 AM - 8:40 PM
2023-09-05 16:03:32.574327,-4.09,65,1035,18,None,98,4.63,Thunderstorm,5:53 AM - 12:56 PM
2023-08-01 16:03:32.574349,37.37,31,986,29,None,26,4.5,Fog,5:26 AM - 10:42 PM
2023-09-11 16:03:32.574369,-3.29,50,988,0,Rain,87,8.63,Thunderstorm,7:11 AM - 11:41 PM
2024-04-29 16:03:32.574394,14.02,80,1037,25,Snow,54,5.37,Fog,6:23 AM - 12:20 PM
2024-05-19 16:03:32.574414,39.34,80,1017,13,Rain,6,1.08,None,6:45 AM - 8:55 PM
2023-10-24 16:03:32.574435,13.95,72,1047,16,Hail,51,4.51,Fog,8:23 AM - 12:13 PM
2023-07-18 16:03:32.574455,21.11,78,1044,10,Hail,23,5.88,Thunderstorm,4:55 AM - 10:34 PM
2023-09-22 16:03:32.574476,13.31,25,1010,19,Rain,32,2.77,Thunderstorm,4:13 AM - 12:59 PM
2024-05-13 16:03:32.574497,29.36,45,1016,12,Snow,84,8.79,Tornado,7:15 AM - 10:49 PM
2023-11-08 16:03:32.574516,5.42,74,1035,2,Rain,3,9.68,Fog,4:08 AM - 9:52 PM
2023-08-06 16:03:32.574536,26.25,40,1023,15,Rain,71,1.69,Thunderstorm,7:54 AM - 11:53 PM
2023-11-21 16:03:32.574556,14.8,79,1039,18,None,16,3.25,Thunderstorm,4:35 AM - 11:28 PM
2023-07-20 16:03:32.574576,-8.71,64,1036,8,Snow,72,3.46,Fog,5:14 AM - 6:52 PM
2024-04-20 16:03:32.574597,30.67,46,997,20,Snow,50,9.33,Thunderstorm,8:54 AM - 9:42 PM
2024-04-05 16:03:32.574618,10.43,89,1029,9,Hail,24,1.42,Thunderstorm,7:32 AM - 10:54 PM
2023-06-13 16:03:32.574638,-3.54,36,1008,30,None,85,1.17,Thunderstorm,7:54 AM - 10:47 PM
2024-03-28 16:03:32.574659,17.1,37,1009,4,Hail,55,5.29,Fog,8:40 AM - 9:04 PM
2024-03-06 16:03:32.574680,-1.44,57,1043,21,Hail,20,3.42,Fog,7:12 AM - 10:01 PM
2024-03-24 16:03:32.574703,0.95,42,1030,0,Snow,18,1.36,Thunderstorm,5:45 AM - 8:37 PM
2023-07-03 16:03:32.574802,22.69,33,994,16,Rain,51,2.66,Thunderstorm,5:33 AM - 12:03 PM
2024-05-13 16:03:32.574831,16.94,50,981,30,None,82,1.46,Tornado,6:56 AM - 9:14 PM
2023-11-16 16:03:32.574851,12.14,20,1009,2,Rain,95,7.59,Thunderstorm,6:15 AM - 8:06 PM
2023-10-05 16:03:32.574873,-3.77,45,1001,17,None,28,8.14,None,6:54 AM - 8:11 PM
2024-05-22 16:03:32.574903,18.8,62,1033,4,None,16,2.56,Thunderstorm,4:39 AM - 7:57 PM
2024-03-09 16:03:32.574923,-4.44,78,1035,30,Rain,30,3.2,Fog,5:11 AM - 6:57 PM
2024-02-15 16:03:32.574943,-2.14,86,1032,4,None,98,1.59,None,8:15 AM - 11:44 PM
2023-08-24 16:03:32.574964,4.53,51,1028,26,Hail,81,7.61,Fog,6:55 AM - 10:19 PM
2023-06-22 16:03:32.574985,27.12,55,1011,27,Hail,60,8.28,Fog,6:06 AM - 10:19 PM
2024-01-25 16:03:32.575005,14.14,57,1038,18,Rain,74,4.76,None,5:30 AM - 7:41 PM
2023-12-25 16:03:32.575025,7.0,84,1044,3,None,31,6.17,None,8:09 AM - 9:58 PM
2023-11-19 16:03:32.575045,4.26,85,1001,2,Hail,14,5.58,Fog,4:17 AM - 5:08 PM
2023-08-28 16:03:32.575064,-16.04,53,1028,2,Hail,9,7.87,Thunderstorm,5:41 AM - 11:09 PM
2023-12-10 16:03:32.575099,-9.8,60,992,30,None,1,7.1,Tornado,7:12 AM - 12:34 PM
2024-05-18 16:03:32.575123,25.67,83,989,14,None,90,3.54,Thunderstorm,8:36 AM - 12:04 PM
2023-11-08 16:03:32.575143,-12.55,20,1031,28,Hail,35,8.2,Fog,7:03 AM - 8:39 PM
2023-05-29 16:03:32.575164,-0.63,28,1017,9,None,71,1.31,Thunderstorm,6:47 AM - 11:01 PM
2023-08-12 16:03:32.575185,29.42,27,990,18,Snow,44,1.11,Fog,8:37 AM - 9:37 PM
2024-01-07 16:03:32.575205,28.32,38,1034,14,Rain,43,8.94,Tornado,8:48 AM - 10:46 PM
2023-12-31 16:03:32.575226,19.53,47,1040,30,None,65,8.42,None,5:42 AM - 10:33 PM
2024-04-02 16:03:32.575245,8.94,80,1008,23,Hail,61,6.83,None,6:44 AM - 7:04 PM
2023-12-07 16:03:32.575265,10.28,44,1017,21,Snow,71,8.48,None,5:35 AM - 9:44 PM
2023-06-11 16:03:32.575285,27.05,54,1011,19,Snow,82,5.3,Fog,4:08 AM - 10:59 PM
2023-09-18 16:03:32.575305,-10.37,69,1002,30,Snow,26,9.44,Thunderstorm,6:32 AM - 12:18 PM
2023-09-17 16:03:32.575327,22.57,38,993,28,Rain,92,7.67,None,5:42 AM - 10:26 PM
2024-04-05 16:03:32.575346,-14.7,88,1032,8,Rain,26,4.86,Fog,8:18 AM - 11:12 PM
2023-08-18 16:03:32.575366,-6.54,29,1033,30,Rain,73,5.1,Fog,7:37 AM - 9:46 PM
2024-02-07 16:03:32.575390,36.9,64,1030,5,Hail,96,8.54,Thunderstorm,7:06 AM - 12:47 PM
2023-07-23 16:03:32.575429,-17.79,47,1046,24,Snow,64,2.32,None,7:50 AM - 11:34 PM
2023-12-31 16:03:32.575450,35.27,84,1033,24,Rain,15,8.01,Tornado,4:53 AM - 7:45 PM
2023-09-07 16:03:32.575470,-4.75,54,1047,29,Rain,22,1.97,None,8:27 AM - 10:14 PM
2023-07-07 16:03:32.575490,6.09,61,996,15,Snow,34,8.8,Tornado,7:23 AM - 10:53 PM
2024-05-20 16:03:32.575511,6.3,49,1029,20,Hail,94,7.42,Tornado,7:11 AM - 8:55 PM
2023-12-31 16:03:32.575529,29.52,21,995,21,Snow,55,6.0,Fog,4:29 AM - 10:10 PM
2023-09-23 16:03:32.575549,25.0,82,1030,23,Rain,66,4.82,Tornado,7:49 AM - 11:35 PM
2023-12-03 16:03:32.575568,22.07,74,1013,12,Hail,79,9.65,None,7:07 AM - 8:57 PM
2023-06-26 16:03:32.575587,21.25,75,1002,3,Rain,3,7.15,None,6:00 AM - 7:21 PM
2023-09-14 16:03:32.575607,-8.15,37,981,14,Hail,87,3.96,Tornado,5:57 AM - 12:17 PM
2023-08-31 16:03:32.575626,18.88,36,1014,24,Hail,92,4.15,None,7:53 AM - 11:10 PM
2023-10-23 16:03:32.575645,22.27,90,1035,24,Hail,63,1.85,None,4:45 AM - 12:15 PM
2024-05-03 16:03:32.575672,37.7,25,1030,13,None,69,7.2,Fog,5:08 AM - 7:51 PM
2023-06-24 16:03:32.575691,8.1,62,1030,4,Hail,55,6.74,Fog,4:06 AM - 10:06 PM
2023-06-23 16:03:32.575710,11.02,85,985,6,None,35,5.28,Tornado,5:17 AM - 6:32 PM
2023-07-04 16:03:32.575729,2.57,73,1041,5,None,11,2.6,None,6:46 AM - 12:51 PM
2023-09-25 16:03:32.575749,-3.94,58,1050,29,None,51,8.24,Tornado,5:01 AM - 10:08 PM
2023-07-29 16:03:32.575768,11.83,27,1037,24,None,20,2.78,Thunderstorm,6:42 AM - 8:28 PM
2024-01-09 16:03:32.575788,11.51,60,994,25,Hail,90,8.71,Fog,5:58 AM - 6:51 PM
2024-01-19 16:03:32.575806,-15.18,70,991,13,None,65,7.03,Fog,7:33 AM - 12:58 PM
2023-10-21 16:03:32.575825,9.18,22,1015,8,Rain,85,6.03,Tornado,5:28 AM - 12:39 PM
2024-01-12 16:03:32.575844,-7.74,61,1045,26,Snow,24,3.41,None,6:08 AM - 12:14 PM
2023-05-30 16:03:32.575863,-12.23,50,1044,21,None,80,5.24,None,7:48 AM - 10:58 PM
2023-11-06 16:03:32.575888,5.98,46,1005,26,Hail,7,3.11,Thunderstorm,5:28 AM - 6:53 PM
2023-08-16 16:03:32.575908,-3.99,30,1008,0,Snow,8,9.92,Fog,7:43 AM - 11:37 PM
2023-06-25 16:03:32.575927,36.45,62,994,23,Rain,30,5.43,None,6:33 AM - 8:31 PM
2023-12-08 16:03:32.575946,9.18,78,1000,10,Snow,38,6.45,None,4:04 AM - 9:54 PM
2024-01-03 16:03:32.575965,-12.44,66,988,17,Snow,23,5.23,Tornado,6:41 AM - 10:12 PM
2023-06-27 16:03:32.575985,36.95,27,1034,25,Rain,7,9.45,Fog,7:22 AM - 9:47 PM
2023-06-30 16:03:32.576004,-12.03,54,1020,9,None,11,1.92,Tornado,6:14 AM - 8:18 PM
2023-08-11 16:03:32.576023,-6.18,22,1047,30,Rain,44,5.28,None,4:09 AM - 7:29 PM
2023-10-10 16:03:32.576043,27.38,72,1039,5,Rain,76,1.46,Thunderstorm,5:52 AM - 6:55 PM
2024-05-17 16:03:32.576062,-13.05,34,981,29,Hail,18,8.6,Fog,5:21 AM - 11:19 PM
2023-06-16 16:03:32.576081,37.9,75,1005,30,None,55,4.67,Fog,5:19 AM - 9:42 PM
2024-04-08 16:03:32.576111,-2.07,85,1008,3,Snow,37,6.71,Fog,7:46 AM - 12:36 PM
2023-10-02 16:03:32.576130,31.12,23,998,29,Hail,75,1.75,None,7:09 AM - 11:35 PM
2023-11-22 16:03:32.576149,4.31,53,1039,14,Rain,32,3.57,Tornado,4:56 AM - 10:09 PM
2023-10-01 16:03:32.576168,0.81,81,985,17,Rain,62,9.48,Thunderstorm,8:07 AM - 9:46 PM
2023-11-15 16:03:32.576187,2.14,42,1025,27,Snow,70,7.29,Fog,6:48 AM - 12:42 PM
2024-02-01 16:03:32.576206,0.41,48,1009,26,None,100,6.6,Fog,5:28 AM - 9:36 PM
2023-10-17 16:03:32.576225,-8.2,44,1036,25,Hail,54,9.9,None,7:38 AM - 11:04 PM
2023-08-03 16:03:32.576244,-6.0,65,1009,30,Rain,94,6.47,Thunderstorm,8:03 AM - 10:46 PM
2023-12-10 16:03:32.576264,29.47,90,1045,1,Rain,3,6.77,None,8:51 AM - 9:32 PM
2024-05-10 16:03:32.576282,-16.7,83,1049,23,Rain,49,8.23,None,4:11 AM - 12:09 PM
2023-08-24 16:03:32.576301,35.39,69,1014,14,None,78,7.02,Tornado,5:01 AM - 8:35 PM
2023-09-14 16:03:32.576321,34.91,77,987,20,Hail,67,9.37,Thunderstorm,7:23 AM - 11:39 PM
2023-12-02 16:03:32.576339,-7.26,44,984,14,Snow,15,2.79,Tornado,8:25 AM - 10:02 PM
2023-11-11 16:03:32.576358,35.12,58,997,24,Rain,57,4.85,None,8:15 AM - 12:47 PM
2023-12-30 16:03:32.576378,-12.43,69,1000,26,Rain,17,7.86,None,6:01 AM - 7:54 PM
2024-05-22 16:03:32.576399,13.8,73,1045,15,Rain,75,3.51,Thunderstorm,4:39 AM - 11:22 PM
2023-08-12 16:03:32.576419,10.61,25,995,7,Hail,72,6.9,Fog,4:41 AM - 7:30 PM
2023-05-30 16:03:32.576449,-13.91,35,1032,18,Snow,94,8.83,None,8:44 AM - 12:50 PM
2024-01-05 16:03:32.576478,-11.29,50,989,2,None,87,2.23,Fog,8:18 AM - 9:45 PM
2023-07-05 16:03:32.576506,14.98,53,1025,11,Rain,85,3.09,None,4:47 AM - 5:19 PM
2024-02-21 16:03:32.576533,29.26,54,983,23,Hail,75,8.16,Thunderstorm,8:59 AM - 9:46 PM
2023-05-24 16:03:32.576552,30.7,66,1020,18,None,86,3.39,Fog,4:27 AM - 10:22 PM
2023-07-05 16:03:32.576571,20.0,48,1000,16,Hail,86,8.97,Tornado,6:50 AM - 10:12 PM
2023-12-25 16:03:32.576591,2.0,39,990,1,Snow,74,1.12,Tornado,8:46 AM - 10:35 PM
2023-10-13 16:03:32.576609,-17.54,24,987,10,Snow,6,5.22,Tornado,5:59 AM - 12:36 PM
2023-10-10 16:03:32.576636,28.11,32,1020,21,None,93,5.46,None,8:06 AM - 10:45 PM
2023-12-13 16:03:32.576655,30.09,86,1039,0,Snow,77,2.88,Tornado,8:41 AM - 12:09 PM
2023-10-23 16:03:32.576674,-10.27,45,984,20,None,97,8.84,Fog,6:28 AM - 8:26 PM
2024-05-03 16:03:32.576693,7.39,22,998,11,Snow,35,6.11,Fog,7:33 AM - 8:57 PM
2024-05-12 16:03:32.576712,30.66,63,1005,18,Hail,8,8.0,Tornado,8:18 AM - 12:22 PM
2023-05-26 16:03:32.576733,9.3,51,1015,29,Rain,97,9.54,Fog,6:01 AM - 7:19 PM
2023-06-30 16:03:32.576751,-14.55,46,1037,8,Rain,34,1.83,Fog,8:18 AM - 11:51 PM
2023-07-18 16:03:32.576770,37.57,69,1036,26,None,56,8.44,Tornado,7:11 AM - 9:58 PM
2023-07-26 16:03:32.576789,5.47,31,1011,9,Snow,16,8.03,Tornado,5:18 AM - 6:31 PM
2024-04-22 16:03:32.576808,20.75,78,1013,2,Rain,33,5.72,Thunderstorm,5:02 AM - 12:12 PM
2024-05-21 16:03:32.576827,16.76,62,1003,27,Rain,94,8.19,Tornado,7:31 AM - 11:47 PM
2023-11-10 16:03:32.576846,-1.95,61,1026,28,Hail,30,7.98,Tornado,5:51 AM - 9:31 PM
2023-07-15 16:03:32.576907,-15.57,60,1016,14,Hail,15,9.05,Fog,4:55 AM - 6:34 PM
2024-05-12 16:03:32.576930,1.15,39,1029,1,Hail,74,7.33,None,4:40 AM - 7:27 PM
2023-06-26 16:03:32.576949,-10.81,30,994,8,Hail,47,6.44,Fog,8:46 AM - 11:12 PM
2023-11-11 16:03:32.576967,-18.6,82,995,30,Hail,6,9.01,Tornado,5:16 AM - 9:47 PM
2023-12-07 16:03:32.576986,38.08,73,989,7,Snow,24,4.68,Tornado,7:14 AM - 8:34 PM
2023-07-25 16:03:32.577005,37.09,73,1005,3,None,71,1.41,None,4:13 AM - 11:32 PM
2023-11-01 16:03:32.577024,39.28,40,1011,13,None,53,9.19,Fog,7:19 AM - 9:09 PM
2024-04-13 16:03:32.577043,-17.3,89,1012,24,Snow,100,1.15,Tornado,8:11 AM - 11:37 PM
2024-03-25 16:03:32.577063,17.57,52,995,0,None,91,1.79,Thunderstorm,6:24 AM - 9:01 PM
2024-01-28 16:03:32.577094,-19.15,61,993,14,Snow,65,7.83,None,5:52 AM - 12:49 PM
2023-06-19 16:03:32.577116,0.09,65,993,27,Hail,80,2.71,Thunderstorm,6:36 AM - 8:33 PM
2023-12-27 16:03:32.577135,-3.26,52,1030,22,Rain,90,9.85,Tornado,4:37 AM - 9:28 PM
2023-08-15 16:03:32.577154,15.07,21,991,22,Rain,42,7.17,Fog,5:33 AM - 12:42 PM
2024-01-25 16:03:32.577172,4.31,85,996,22,Snow,39,8.72,Thunderstorm,8:20 AM - 10:44 PM
2023-05-27 16:03:32.577191,19.27,75,999,2,None,71,4.48,None,7:17 AM - 10:03 PM
2023-11-30 16:03:32.577210,-12.2,80,981,13,Snow,43,1.49,Fog,5:48 AM - 9:45 PM
2023-09-21 16:03:32.577232,27.63,42,980,28,Rain,16,6.64,None,8:02 AM - 10:02 PM
2024-04-20 16:03:32.577251,-13.84,44,1015,14,Rain,63,9.42,Thunderstorm,7:36 AM - 9:08 PM
2023-12-15 16:03:32.577270,21.63,82,988,26,Hail,39,4.68,Fog,8:19 AM - 11:29 PM
2024-03-08 16:03:32.577289,-4.26,30,983,30,None,43,4.09,Thunderstorm,7:29 AM - 10:03 PM
2023-09-17 16:03:32.577310,10.34,83,997,8,Rain,89,5.8,Fog,7:05 AM - 12:53 PM
2023-07-26 16:03:32.577330,-8.31,80,1036,30,None,1,5.96,Tornado,5:34 AM - 8:10 PM
2023-07-24 16:03:32.577350,18.43,20,1008,3,Snow,84,4.29,Thunderstorm,6:42 AM - 12:11 PM
2023-08-13 16:03:32.577369,14.96,78,998,4,Hail,80,2.13,Tornado,7:45 AM - 8:15 PM
2023-10-03 16:03:32.577390,3.3,88,1007,22,Snow,10,7.31,Tornado,8:57 AM - 11:09 PM
2023-10-01 16:03:32.577408,17.42,56,1048,11,Rain,98,6.08,Thunderstorm,8:23 AM - 10:44 PM
2023-12-02 16:03:32.577427,1.51,53,980,1,Rain,15,2.05,Thunderstorm,7:18 AM - 10:11 PM
2023-06-12 16:03:32.577446,36.84,70,1040,28,Snow,99,4.94,Fog,7:00 AM - 10:03 PM
2023-06-13 16:03:32.577464,-5.66,29,1005,15,Rain,24,5.16,Fog,4:29 AM - 6:57 PM
2024-05-05 16:03:32.577482,-14.54,50,1047,15,None,64,3.69,None,8:49 AM - 12:23 PM
2024-01-03 16:03:32.577501,0.99,39,1042,25,Rain,77,7.31,None,7:56 AM - 8:43 PM
2024-02-13 16:03:32.577521,38.55,36,1000,18,Hail,49,6.35,Thunderstorm,5:43 AM - 11:37 PM
2024-05-19 16:03:32.577540,-18.27,28,1037,5,Snow,99,2.86,None,7:38 AM - 11:11 PM
2023-12-29 16:03:32.577559,11.33,23,1023,21,Hail,80,2.26,Tornado,7:51 AM - 8:34 PM
2023-08-02 16:03:32.577577,-6.37,26,1028,24,Hail,7,4.0,Tornado,7:37 AM - 9:49 PM
2023-06-07 16:03:32.577596,38.08,46,1020,8,None,76,7.44,Fog,6:11 AM - 8:17 PM
2023-12-02 16:03:32.577615,37.4,42,995,27,None,15,9.12,Tornado,5:53 AM - 10:15 PM
2023-07-10 16:03:32.577633,7.94,30,1048,22,Hail,66,7.61,Fog,5:05 AM - 6:21 PM
2024-01-17 16:03:32.577652,11.96,75,991,27,Rain,26,9.72,Tornado,5:39 AM - 11:27 PM
2023-06-27 16:03:32.577677,-10.28,80,1024,16,Rain,40,1.89,Tornado,5:43 AM - 9:33 PM
2023-07-13 16:03:32.577696,37.56,42,986,9,Rain,83,1.56,Tornado,5:39 AM - 11:56 PM
2024-03-30 16:03:32.577715,16.6,24,980,10,Snow,74,2.77,Fog,6:51 AM - 9:48 PM
2023-08-20 16:03:32.577733,27.49,47,1044,20,Snow,44,7.53,Tornado,6:30 AM - 10:39 PM
2024-03-01 16:03:32.577752,-2.91,86,1027,6,None,46,6.47,Tornado,5:48 AM - 10:26 PM
2024-04-02 16:03:32.577770,29.18,61,1022,8,Rain,90,9.31,Tornado,7:31 AM - 12:34 PM
2023-12-06 16:03:32.577789,21.87,66,1003,21,None,62,7.03,Fog,8:00 AM - 11:05 PM
2023-06-25 16:03:32.577807,11.67,84,1039,16,Hail,50,6.54,Fog,7:56 AM - 8:19 PM
2023-09-16 16:03:32.577826,5.65,38,992,24,None,74,5.7,Tornado,6:10 AM - 9:03 PM
2023-09-23 16:03:32.577845,-14.77,38,991,18,Snow,75,1.31,Thunderstorm,6:54 AM - 11:40 PM
2023-09-14 16:03:32.577864,8.61,88,1033,0,Hail,71,7.29,Fog,4:41 AM - 5:00 PM
2024-01-22 16:03:32.577888,19.52,28,1042,13,Hail,94,9.09,None,6:49 AM - 7:12 PM
2023-06-16 16:03:32.577907,-15.89,82,1042,3,None,98,7.07,Fog,7:14 AM - 9:27 PM
2023-09-08 16:03:32.577926,-9.22,42,1024,25,Hail,63,9.77,Tornado,7:43 AM - 8:54 PM
2023-11-14 16:03:32.577945,10.36,47,1037,4,Rain,63,2.09,Fog,6:13 AM - 11:47 PM
2023-05-23 16:03:32.577964,38.26,73,1016,29,Snow,73,2.56,None,4:46 AM - 11:35 PM
2024-03-26 16:03:32.577983,13.56,70,1026,4,None,90,2.52,Thunderstorm,7:10 AM - 9:04 PM
2024-03-11 16:03:32.578001,14.77,44,999,5,Snow,70,1.75,Tornado,4:48 AM - 12:50 PM
2023-06-25 16:03:32.578020,17.15,23,1003,12,Snow,32,2.34,Fog,6:22 AM - 11:32 PM
2023-06-27 16:03:32.578039,-13.73,85,1049,22,Snow,71,6.01,Tornado,6:14 AM - 11:40 PM
2023-06-17 16:03:32.578061,-13.31,66,1018,12,None,55,4.11,None,8:43 AM - 12:29 PM
2024-03-20 16:03:32.578079,-17.99,88,1044,28,Hail,54,6.27,Tornado,4:42 AM - 5:23 PM
2023-10-11 16:03:32.578108,-3.94,21,1004,7,Rain,18,7.58,Thunderstorm,7:39 AM - 8:02 PM
2023-11-17 16:03:32.578127,-3.67,50,1028,30,Hail,15,5.16,None,4:05 AM - 8:06 PM
2023-08-16 16:03:32.578146,18.21,35,1039,10,Snow,16,7.66,Thunderstorm,8:36 AM - 12:14 PM
2024-05-19 16:03:32.578165,28.37,51,1038,25,Snow,32,3.65,Thunderstorm,7:27 AM - 8:05 PM
2024-01-27 16:03:32.578183,13.87,79,1050,8,Snow,10,6.3,Tornado,7:38 AM - 8:47 PM
2024-04-09 16:03:32.578202,2.19,80,1039,9,Snow,66,4.83,None,4:49 AM - 7:59 PM
2023-12-31 16:03:32.578220,38.23,21,1004,23,Rain,18,7.87,Fog,5:53 AM - 7:49 PM
2024-04-02 16:03:32.578239,16.72,22,1035,29,Snow,31,2.35,Thunderstorm,7:51 AM - 11:38 PM
2023-08-13 16:03:32.578257,36.92,85,1011,9,Hail,55,7.76,Thunderstorm,5:44 AM - 6:42 PM
2024-03-22 16:03:32.578276,22.01,48,1042,4,None,84,6.04,Thunderstorm,7:13 AM - 8:51 PM
2023-05-26 16:03:32.578295,29.03,71,986,24,None,36,8.74,Thunderstorm,7:02 AM - 11:31 PM
2023-08-12 16:03:32.578314,6.04,41,992,7,Hail,92,2.75,Thunderstorm,4:19 AM - 5:47 PM
2024-04-07 16:03:32.578333,31.64,38,988,23,None,91,1.14,Tornado,5:10 AM - 12:17 PM
2023-12-16 16:03:32.578352,-7.03,55,990,14,Hail,67,2.16,Fog,5:18 AM - 9:41 PM
2024-01-27 16:03:32.578371,10.61,81,1007,26,Rain,92,4.33,None,4:08 AM - 10:58 PM
2024-01-05 16:03:32.578393,-5.81,85,1004,27,None,56,4.27,Tornado,4:02 AM - 7:12 PM
2024-03-14 16:03:32.578411,5.72,56,986,6,Snow,36,9.43,None,7:33 AM - 12:54 PM
2023-12-31 16:03:32.578429,21.16,70,988,22,Snow,26,9.7,Thunderstorm,4:52 AM - 5:27 PM
2024-04-17 16:03:32.578448,39.21,35,993,13,Snow,2,2.78,Thunderstorm,6:00 AM - 10:21 PM
2024-04-15 16:03:32.578466,-14.42,87,1016,1,Rain,36,3.64,Thunderstorm,8:28 AM - 9:43 PM
2023-06-17 16:03:32.578485,-5.74,50,1002,21,Snow,7,4.34,None,7:37 AM - 12:57 PM
2024-04-08 16:03:32.578504,-16.59,77,987,19,Hail,21,6.36,Thunderstorm,7:01 AM - 12:03 PM
2024-03-31 16:03:32.578522,-3.33,59,1015,21,Snow,36,8.63,Fog,6:06 AM - 9:44 PM
2024-04-01 16:03:32.578541,19.29,84,1039,23,None,46,3.19,Tornado,7:05 AM - 11:28 PM
2024-01-29 16:03:32.578560,1.66,47,1020,6,Hail,46,8.36,Tornado,8:10 AM - 12:56 PM
2023-10-25 16:03:32.578578,16.76,50,1042,21,Hail,1,9.27,Tornado,7:09 AM - 8:27 PM
2023-10-21 16:03:32.578597,-1.64,71,1032,24,Snow,75,2.27,None,5:11 AM - 6:18 PM
2023-11-10 16:03:32.578615,22.94,35,1042,0,None,14,2.48,None,5:50 AM - 7:37 PM
2023-07-20 16:03:32.578634,-7.32,89,1031,28,Rain,68,1.39,Fog,8:48 AM - 10:39 PM
2023-12-05 16:03:32.578652,37.05,76,1025,4,Hail,13,4.36,Tornado,8:12 AM - 12:47 PM
2024-02-05 16:03:32.578670,-17.37,24,1022,1,Rain,57,8.86,None,5:48 AM - 8:19 PM
2023-10-08 16:03:32.578690,29.55,66,991,30,Hail,40,3.89,None,5:47 AM - 9:21 PM
2024-03-09 16:03:32.578708,4.94,58,1031,29,Hail,21,2.45,Thunderstorm,6:58 AM - 8:30 PM
2024-01-22 16:03:32.578726,-18.93,50,1037,8,None,58,4.05,None,7:29 AM - 11:43 PM
2024-04-10 16:03:32.578744,34.29,65,1002,17,None,76,4.87,Thunderstorm,7:16 AM - 12:25 PM
2024-05-16 16:03:32.578766,-10.04,75,1031,17,Rain,13,4.49,Fog,5:43 AM - 7:41 PM
2023-08-09 16:03:32.578784,-17.01,25,1050,26,Rain,23,7.7,Fog,5:41 AM - 7:30 PM
2023-08-26 16:03:32.578829,-12.51,21,996,13,Rain,2,7.78,Thunderstorm,4:53 AM - 5:09 PM
2024-05-01 16:03:32.578850,3.53,27,995,23,Snow,40,9.37,Thunderstorm,4:10 AM - 11:10 PM
2024-01-19 16:03:32.578868,33.17,86,1027,27,None,49,1.49,Tornado,8:20 AM - 12:03 PM
2024-02-05 16:03:32.578892,5.91,86,1025,22,Hail,93,2.49,Thunderstorm,7:20 AM - 10:13 PM
2023-08-18 16:03:32.578911,18.4,61,1016,20,None,6,8.11,Thunderstorm,8:08 AM - 10:08 PM
2024-04-17 16:03:32.578931,17.87,59,1031,8,Snow,78,8.16,Tornado,6:19 AM - 9:22 PM
2023-08-04 16:03:32.578949,7.8,65,1035,19,Rain,32,3.91,None,8:47 AM - 12:04 PM
2023-06-02 16:03:32.578967,2.29,45,991,3,None,83,5.22,Tornado,4:30 AM - 10:13 PM
2023-08-18 16:03:32.578986,-4.47,25,1013,14,None,75,7.96,None,7:39 AM - 12:14 PM
2023-06-10 16:03:32.579004,36.51,50,994,6,Rain,27,6.01,Tornado,5:28 AM - 9:51 PM
2024-02-15 16:03:32.579022,1.79,64,1049,15,None,11,7.08,Fog,5:48 AM - 7:37 PM
2023-11-04 16:03:32.579041,33.35,24,1021,7,Hail,71,5.92,None,7:00 AM - 10:51 PM
2023-11-09 16:03:32.579059,25.07,27,1029,9,None,72,2.59,None,4:12 AM - 8:34 PM
2023-11-07 16:03:32.579077,13.97,64,992,24,None,66,5.72,Fog,5:19 AM - 7:37 PM
2024-02-05 16:03:32.579106,-16.99,44,1032,8,None,35,6.05,Fog,6:07 AM - 8:50 PM
2024-03-08 16:03:32.579125,0.62,22,1041,7,None,0,2.75,None,6:32 AM - 8:53 PM
2024-02-09 16:03:32.579146,21.06,90,980,27,Hail,10,9.61,Fog,8:48 AM - 9:14 PM
2023-07-16 16:03:32.579165,18.03,74,988,10,None,97,3.94,None,8:39 AM - 9:35 PM
2023-06-30 16:03:32.579186,35.84,71,1007,21,Hail,23,3.87,Thunderstorm,5:59 AM - 6:49 PM
2024-01-24 16:03:32.579206,19.19,78,1031,6,Snow,100,2.13,None,6:53 AM - 12:03 PM
2023-11-22 16:03:32.579224,-15.99,48,1012,29,Rain,78,8.34,None,6:45 AM - 12:49 PM
2024-03-05 16:03:32.579242,28.41,41,987,13,Hail,34,9.28,Tornado,4:30 AM - 5:38 PM
2023-12-09 16:03:32.579261,22.86,61,1044,14,None,93,9.44,None,7:59 AM - 9:45 PM
2023-09-25 16:03:32.579279,22.72,89,982,0,Rain,7,7.52,Fog,6:23 AM - 10:13 PM
2023-12-21 16:03:32.579297,22.42,86,1005,22,None,24,2.28,Tornado,5:49 AM - 12:40 PM
2023-09-16 16:03:32.579316,14.92,42,1049,14,Hail,63,1.91,Tornado,7:45 AM - 12:42 PM
2023-07-12 16:03:32.579334,3.43,53,1001,0,None,10,7.42,None,5:26 AM - 8:54 PM
2023-08-13 16:03:32.579352,19.43,67,1028,1,Rain,54,8.93,Thunderstorm,4:57 AM - 9:01 PM
2023-11-18 16:03:32.579373,10.8,75,1050,10,None,60,3.54,Tornado,6:41 AM - 9:49 PM
2023-10-26 16:03:32.579393,12.55,74,1019,6,None,100,3.56,Tornado,5:34 AM - 12:50 PM
2024-02-04 16:03:32.579412,36.72,57,1043,30,None,48,9.87,Fog,6:46 AM - 11:38 PM
2023-07-02 16:03:32.579434,8.74,37,1036,11,None,67,3.75,None,4:16 AM - 11:20 PM
2023-08-21 16:03:32.579454,0.68,53,1002,5,None,62,7.77,Tornado,4:40 AM - 7:42 PM
2023-09-10 16:03:32.579472,-7.32,31,989,21,Rain,96,8.29,Fog,8:25 AM - 9:34 PM
2023-09-29 16:03:32.579491,25.01,51,1047,0,Snow,61,9.05,Fog,4:57 AM - 5:26 PM
2024-03-23 16:03:32.579509,22.63,80,1026,27,Hail,48,6.54,None,8:19 AM - 12:40 PM
2024-02-21 16:03:32.579528,0.37,59,1015,6,None,63,4.53,Thunderstorm,6:10 AM - 12:52 PM
2023-07-22 16:03:32.579546,13.11,55,1014,7,Hail,12,5.17,Fog,7:17 AM - 8:51 PM
2023-12-16 16:03:32.579565,15.75,80,980,30,Hail,58,7.02,Fog,6:26 AM - 9:58 PM
2023-12-13 16:03:32.579583,0.69,22,1002,5,Hail,8,2.24,Tornado,7:00 AM - 8:14 PM
2023-12-14 16:03:32.579602,30.74,86,1025,13,None,51,4.49,None,7:12 AM - 9:16 PM
2024-01-12 16:03:32.579620,6.81,79,1004,8,None,27,3.84,Thunderstorm,6:23 AM - 11:37 PM
2023-07-03 16:03:32.579639,32.21,27,1017,12,Rain,89,3.75,None,6:30 AM - 8:51 PM
2023-06-03 16:03:32.579657,6.95,59,1024,8,None,64,6.71,Tornado,5:41 AM - 10:15 PM
2023-09-16 16:03:32.579675,15.03,64,1025,27,Snow,18,1.79,Thunderstorm,6:49 AM - 10:25 PM
2024-02-25 16:03:32.579694,-3.63,31,1032,12,None,14,9.62,Fog,8:58 AM - 10:17 PM
2023-08-01 16:03:32.579713,-12.82,52,1030,22,Hail,91,6.69,Fog,4:14 AM - 8:44 PM
2024-02-19 16:03:32.579731,-15.38,44,1040,14,None,60,4.87,Thunderstorm,6:46 AM - 12:18 PM
2023-09-07 16:03:32.579750,37.37,73,993,24,None,56,9.67,Tornado,4:11 AM - 7:07 PM
2023-08-26 16:03:32.579769,5.59,89,981,7,Rain,87,6.53,Thunderstorm,5:59 AM - 8:27 PM
2023-07-22 16:03:32.579787,17.02,67,1017,28,Hail,95,2.0,Fog,5:15 AM - 12:47 PM
2023-12-18 16:03:32.579806,21.39,58,1012,12,Rain,2,3.27,None,7:09 AM - 12:28 PM
2024-03-04 16:03:32.579824,12.31,75,1011,3,Snow,79,8.53,Tornado,8:48 AM - 9:00 PM
2024-03-18 16:03:32.579843,-1.54,45,1021,12,Rain,88,5.06,Tornado,5:56 AM - 6:39 PM
2024-02-02 16:03:32.579861,39.02,90,1028,8,None,30,3.54,Fog,6:43 AM - 11:30 PM
2023-06-18 16:03:32.579886,17.97,30,1012,1,None,97,5.51,None,6:00 AM - 8:34 PM
2023-06-20 16:03:32.579904,-8.06,33,1011,28,None,32,5.35,Tornado,8:26 AM - 10:09 PM
2024-03-15 16:03:32.579923,-14.7,48,982,21,None,85,4.38,Tornado,7:41 AM - 10:41 PM
2023-06-26 16:03:32.579941,30.29,26,1023,20,Rain,32,4.04,Tornado,7:03 AM - 12:05 PM
2024-02-22 16:03:32.579960,3.97,35,980,2,Hail,78,2.43,Thunderstorm,8:55 AM - 11:33 PM
2024-02-03 16:03:32.579978,-2.57,78,1004,9,Rain,27,8.98,Thunderstorm,4:08 AM - 11:43 PM
2024-03-05 16:03:32.579997,28.14,75,1044,7,Hail,69,4.83,Fog,7:47 AM - 12:26 PM
2024-01-02 16:03:32.580015,-1.05,76,1049,13,Hail,5,7.09,None,8:23 AM - 10:37 PM
2024-01-28 16:03:32.580033,11.03,44,1000,22,Snow,51,9.47,None,7:17 AM - 11:30 PM
2024-03-27 16:03:32.580052,29.11,90,1015,12,Snow,69,3.53,Thunderstorm,5:16 AM - 10:07 PM
2023-07-30 16:03:32.580070,-8.09,74,1043,11,Hail,90,1.24,None,4:59 AM - 9:58 PM
2024-01-24 16:03:32.580100,-17.42,74,1003,21,Snow,47,6.84,None,6:07 AM - 11:57 PM
2023-09-10 16:03:32.580119,1.86,47,993,25,Snow,38,3.95,None,6:08 AM - 8:56 PM
2024-03-13 16:03:32.580138,20.51,36,1004,20,Snow,65,2.91,Fog,8:16 AM - 12:51 PM
2024-01-16 16:03:32.580156,-7.1,45,984,21,Hail,100,9.55,Tornado,6:23 AM - 7:44 PM
2024-04-16 16:03:32.580174,15.56,84,987,15,Snow,72,8.97,Fog,5:13 AM - 10:59 PM
2024-01-27 16:03:32.580192,-0.37,76,982,11,None,100,2.33,None,4:28 AM - 9:31 PM
2023-10-16 16:03:32.580211,22.77,80,1017,1,Hail,82,8.46,Thunderstorm,6:12 AM - 11:56 PM
2023-05-28 16:03:32.580230,8.65,80,991,18,Hail,45,6.4,Fog,5:09 AM - 7:59 PM
2023-07-28 16:03:32.580248,-2.34,35,1042,17,Hail,70,5.54,Thunderstorm,7:15 AM - 12:42 PM
2024-05-03 16:03:32.580267,34.27,38,1003,22,Snow,60,1.13,Thunderstorm,8:51 AM - 11:33 PM
2024-04-11 16:03:32.580286,5.08,70,1028,22,Rain,17,8.23,Thunderstorm,8:54 AM - 11:27 PM
2024-01-24 16:03:32.580305,-13.78,69,1050,11,None,72,7.22,Fog,8:21 AM - 11:50 PM
2024-02-13 16:03:32.580324,-8.42,66,996,9,Hail,61,1.58,None,6:50 AM - 11:47 PM
2023-10-08 16:03:32.580342,-13.14,59,1038,28,Snow,75,1.37,Thunderstorm,8:36 AM - 11:37 PM
2023-06-23 16:03:32.580362,32.76,71,1032,19,Rain,12,7.91,Thunderstorm,7:54 AM - 11:48 PM
2023-09-23 16:03:32.580382,39.66,35,1025,29,None,84,4.82,None,6:33 AM - 11:19 PM
2023-08-15 16:03:32.580401,-9.92,68,1034,15,None,34,9.78,Thunderstorm,5:03 AM - 9:25 PM
2024-03-13 16:03:32.580423,13.94,39,988,14,Snow,72,7.85,None,4:51 AM - 6:45 PM
2024-04-03 16:03:32.580442,39.56,79,1038,25,Rain,46,2.06,Tornado,6:11 AM - 11:15 PM
2024-04-17 16:03:32.580461,1.32,81,1023,14,None,32,8.86,Tornado,6:55 AM - 11:30 PM
2023-12-16 16:03:32.580479,30.2,77,1005,7,Hail,66,5.32,Thunderstorm,4:01 AM - 7:30 PM
2023-06-04 16:03:32.580498,8.62,31,1047,10,Rain,99,2.7,Tornado,6:28 AM - 7:51 PM
2024-01-06 16:03:32.580517,23.84,25,1041,23,Rain,7,9.95,None,4:48 AM - 9:48 PM
2023-12-10 16:03:32.580536,1.61,67,1033,24,Snow,11,7.92,Fog,4:14 AM - 11:15 PM
2023-09-07 16:03:32.580554,-12.59,30,1032,10,Hail,10,5.21,Thunderstorm,8:26 AM - 11:30 PM
2023-12-05 16:03:32.580572,-4.41,44,1000,4,None,58,2.7,Thunderstorm,4:33 AM - 6:39 PM
2023-06-30 16:03:32.580593,27.48,49,1024,0,None,29,8.42,None,5:06 AM - 10:47 PM
2023-07-02 16:03:32.580612,34.0,78,1001,27,Rain,17,9.13,Thunderstorm,7:49 AM - 8:55 PM
2024-01-12 16:03:32.580631,-1.87,82,996,17,Snow,68,1.17,Tornado,5:52 AM - 8:10 PM
2023-08-17 16:03:32.580650,29.13,54,1014,11,Rain,9,9.81,Fog,7:12 AM - 12:56 PM
2024-01-26 16:03:32.580668,2.04,55,1037,1,None,57,9.34,Fog,5:24 AM - 6:35 PM
2024-04-04 16:03:32.580686,-5.1,87,1020,28,Hail,44,3.87,None,5:20 AM - 9:18 PM
2023-12-02 16:03:32.580737,9.51,46,1011,30,Rain,90,2.05,None,7:53 AM - 12:10 PM
2023-12-27 16:03:32.580762,17.0,34,1040,18,Rain,50,5.8,Thunderstorm,5:06 AM - 6:31 PM
2023-05-31 16:03:32.580781,14.63,25,984,29,Rain,34,5.78,None,5:21 AM - 6:14 PM
2023-07-02 16:03:32.580800,3.76,47,1005,0,Snow,14,8.21,Tornado,7:51 AM - 9:40 PM
2024-02-04 16:03:32.580819,-12.19,62,986,22,Rain,88,3.63,Thunderstorm,7:56 AM - 9:18 PM
2023-12-05 16:03:32.580837,39.48,30,1022,28,None,55,9.36,None,5:40 AM - 12:54 PM
2024-04-16 16:03:32.580855,-17.52,78,1025,26,None,53,2.75,None,7:52 AM - 10:16 PM
2024-01-11 16:03:32.580875,29.35,74,1001,15,None,51,2.98,None,4:30 AM - 5:49 PM
2023-09-04 16:03:32.580898,-4.35,89,1010,18,Hail,24,9.08,Tornado,7:43 AM - 10:48 PM
2024-04-06 16:03:32.580918,-5.53,38,992,26,Rain,82,1.8,Fog,6:18 AM - 12:33 PM
2023-11-09 16:03:32.580937,7.7,27,1002,24,Rain,98,9.38,Tornado,6:42 AM - 12:38 PM
2023-06-25 16:03:32.580955,23.49,34,1004,20,Snow,23,2.61,Fog,7:30 AM - 8:53 PM
2023-05-26 16:03:32.580975,15.56,87,980,19,Rain,26,5.55,None,4:04 AM - 12:35 PM
2024-03-13 16:03:32.580993,36.11,22,1007,0,None,21,9.88,Thunderstorm,5:16 AM - 8:32 PM
2023-08-25 16:03:32.581012,-8.76,72,980,29,Rain,10,5.81,Thunderstorm,5:32 AM - 10:49 PM
2024-05-19 16:03:32.581031,28.59,27,1007,22,Rain,21,6.05,Tornado,8:09 AM - 10:01 PM
2024-03-23 16:03:32.581049,8.27,55,982,25,None,9,3.18,Fog,4:17 AM - 5:54 PM
2023-06-06 16:03:32.581068,35.29,29,994,14,None,17,4.78,Thunderstorm,8:48 AM - 9:06 PM
2023-11-04 16:03:32.581097,18.4,53,1049,19,Snow,24,9.21,Tornado,5:54 AM - 9:27 PM
2023-10-24 16:03:32.581117,34.5,77,1006,3,Hail,75,3.71,None,4:27 AM - 7:13 PM
2023-08-20 16:03:32.581135,22.65,46,988,6,Rain,82,5.86,Tornado,8:56 AM - 12:15 PM
2023-12-01 16:03:32.581156,27.25,90,1044,9,Hail,74,1.87,Fog,6:50 AM - 8:38 PM
2024-03-08 16:03:32.581175,-4.75,33,1015,1,None,8,8.04,None,8:22 AM - 9:07 PM
2023-06-08 16:03:32.581195,-7.28,90,1028,4,Hail,20,2.56,None,7:30 AM - 10:19 PM
2024-05-02 16:03:32.581214,27.49,39,986,11,None,20,5.67,Thunderstorm,6:56 AM - 11:13 PM
2024-05-16 16:03:32.581235,23.27,46,1041,8,None,62,8.13,Thunderstorm,6:53 AM - 10:29 PM
2024-03-29 16:03:32.581253,18.75,86,998,29,Hail,96,2.02,Fog,5:23 AM - 7:04 PM
2024-01-07 16:03:32.581271,-16.46,27,1042,27,Hail,12,1.21,None,8:47 AM - 12:09 PM
2024-01-27 16:03:32.581290,38.22,45,1027,17,Rain,12,2.69,None,6:43 AM - 10:51 PM
2023-12-08 16:03:32.581308,25.69,39,1043,2,None,94,3.3,Thunderstorm,8:07 AM - 12:00 PM
2024-04-22 16:03:32.581327,13.85,69,1030,5,None,43,6.34,Fog,4:51 AM - 12:18 PM
2023-08-26 16:03:32.581345,-12.48,73,987,15,None,58,9.5,Fog,4:49 AM - 10:36 PM
2024-04-12 16:03:32.581364,-0.64,90,1025,3,Snow,5,3.23,Thunderstorm,4:39 AM - 9:23 PM
2024-01-15 16:03:32.581385,6.45,72,1017,27,Snow,42,3.83,Tornado,7:56 AM - 9:05 PM
2023-06-17 16:03:32.581404,-12.94,40,1002,18,None,19,6.41,Fog,4:17 AM - 11:29 PM
2023-06-17 16:03:32.581422,11.05,38,987,8,Snow,53,4.35,Tornado,5:01 AM - 10:08 PM
2023-11-17 16:03:32.581441,-1.01,57,981,29,Snow,58,4.79,Thunderstorm,4:13 AM - 7:05 PM
2023-07-11 16:03:32.581459,-15.26,43,984,26,None,87,7.31,Thunderstorm,8:41 AM - 11:46 PM
2023-08-07 16:03:32.581478,-13.63,38,995,25,None,44,4.47,Thunderstorm,6:56 AM - 7:34 PM
2024-01-10 16:03:32.581497,13.63,38,987,10,None,21,5.01,Thunderstorm,7:46 AM - 8:03 PM
2024-01-19 16:03:32.581515,-6.38,34,983,9,Hail,54,4.21,Thunderstorm,6:24 AM - 8:53 PM
2023-09-29 16:03:32.581534,7.03,61,994,15,Snow,3,5.7,Thunderstorm,5:48 AM - 7:21 PM
2023-06-04 16:03:32.581553,28.75,69,1024,17,None,75,6.36,Thunderstorm,8:06 AM - 12:03 PM
2024-05-10 16:03:32.581573,33.82,79,1024,25,None,85,9.92,Tornado,4:08 AM - 5:23 PM
2023-12-19 16:03:32.581591,-8.72,37,998,11,Rain,19,9.36,None,7:06 AM - 12:45 PM
2023-08-07 16:03:32.581610,3.87,80,1019,22,Snow,97,9.77,None,5:31 AM - 7:01 PM
2024-01-15 16:03:32.581628,1.16,79,998,29,None,22,2.09,Fog,7:58 AM - 8:04 PM
2023-06-26 16:03:32.581646,-5.24,47,993,13,None,96,7.14,Thunderstorm,8:06 AM - 11:06 PM
2024-03-29 16:03:32.581665,32.05,72,981,24,Rain,48,6.77,Thunderstorm,8:05 AM - 11:05 PM
2023-07-07 16:03:32.581684,-8.2,56,1040,19,Hail,46,9.1,None,6:14 AM - 7:33 PM
2024-02-08 16:03:32.581702,34.15,66,1018,10,Rain,65,5.1,Fog,6:10 AM - 11:04 PM
2023-10-04 16:03:32.581720,34.63,58,1006,16,None,92,2.2,None,6:36 AM - 9:52 PM
2024-03-13 16:03:32.581738,-2.15,84,1007,23,Snow,71,6.77,None,5:48 AM - 9:26 PM
2023-09-21 16:03:32.581757,-19.87,84,1014,27,None,16,2.71,None,4:08 AM - 9:09 PM
2024-03-23 16:03:32.581775,14.0,75,980,12,Snow,93,7.54,Thunderstorm,4:34 AM - 5:25 PM
2023-05-29 16:03:32.581794,2.15,28,999,7,None,90,3.0,Fog,5:08 AM - 7:13 PM
2023-11-04 16:03:32.581813,6.22,38,989,4,None,28,1.71,None,8:51 AM - 9:18 PM
2023-08-15 16:03:32.581831,32.57,86,1008,24,Snow,96,8.95,Thunderstorm,7:05 AM - 10:18 PM
2024-04-24 16:03:32.581849,10.12,76,1027,26,Rain,32,9.54,Tornado,7:27 AM - 10:24 PM
2023-10-19 16:03:32.581868,17.17,48,995,18,Hail,77,5.24,Thunderstorm,5:01 AM - 7:55 PM
2023-12-22 16:03:32.581891,-3.85,90,1034,1,Rain,67,2.0,Fog,4:36 AM - 6:59 PM
2023-10-19 16:03:32.581910,13.39,32,1014,14,None,28,9.96,None,8:34 AM - 12:20 PM
2023-11-29 16:03:32.581928,7.23,55,984,22,None,5,2.45,Thunderstorm,6:31 AM - 7:43 PM
2023-07-27 16:03:32.581947,14.96,30,982,10,None,18,9.32,Thunderstorm,4:56 AM - 9:44 PM
2023-05-31 16:03:32.581966,9.78,44,1038,22,Hail,85,2.74,None,7:14 AM - 9:23 PM
2023-09-20 16:03:32.581984,-16.35,33,1050,20,None,9,5.19,Tornado,6:01 AM - 8:08 PM
2024-04-04 16:03:32.582002,35.53,62,1015,24,Rain,82,8.88,None,5:26 AM - 6:13 PM
2023-12-15 16:03:32.582021,29.17,77,1009,22,Snow,58,7.24,Fog,4:07 AM - 10:25 PM
2024-02-03 16:03:32.582039,9.75,41,1006,10,Hail,68,4.45,Thunderstorm,5:00 AM - 6:18 PM
2024-04-25 16:03:32.582058,-5.32,43,1047,23,Hail,8,1.31,Fog,8:08 AM - 9:12 PM
2023-06-14 16:03:32.582076,-19.42,39,1039,20,None,97,8.64,Fog,8:05 AM - 11:03 PM
2023-09-04 16:03:32.582103,27.5,83,1035,19,None,85,6.75,Tornado,4:54 AM - 11:28 PM
2024-03-11 16:03:32.582123,16.94,75,984,19,None,67,4.0,None,6:01 AM - 10:04 PM
2023-09-06 16:03:32.582142,6.57,70,1039,3,Hail,99,3.62,Thunderstorm,5:22 AM - 6:41 PM
2023-07-26 16:03:32.582161,-4.96,54,1039,19,None,41,5.37,Thunderstorm,4:33 AM - 12:08 PM
2023-06-16 16:03:32.582179,-17.34,74,1026,10,Hail,65,7.49,Fog,7:54 AM - 8:23 PM
2024-01-08 16:03:32.582198,22.94,72,1005,6,None,81,5.52,None,4:24 AM - 11:26 PM
2023-10-10 16:03:32.582217,-18.8,67,1047,8,None,32,4.29,Thunderstorm,7:05 AM - 9:10 PM
2024-02-27 16:03:32.582235,35.31,21,991,28,None,54,7.54,Fog,8:33 AM - 10:55 PM
2023-12-21 16:03:32.582253,15.07,79,991,27,Hail,41,6.54,Thunderstorm,6:23 AM - 12:33 PM
2023-09-19 16:03:32.582272,25.13,63,1022,6,Rain,43,1.82,None,7:40 AM - 12:29 PM
2023-08-12 16:03:32.582290,2.68,36,1018,17,Rain,16,2.31,Tornado,8:59 AM - 9:17 PM
2023-07-30 16:03:32.582309,0.02,52,1020,2,None,0,8.69,None,8:41 AM - 9:37 PM
2023-06-07 16:03:32.582328,16.99,29,990,29,None,25,5.28,Thunderstorm,4:36 AM - 6:31 PM
2023-09-20 16:03:32.582346,3.43,85,1032,12,Snow,49,6.34,Tornado,5:55 AM - 7:21 PM
2024-04-01 16:03:32.582364,19.73,37,1021,21,Hail,39,3.3,Fog,5:43 AM - 7:07 PM
2023-09-02 16:03:32.582384,20.84,63,1010,7,None,96,7.99,Thunderstorm,5:31 AM - 7:46 PM
2023-06-29 16:03:32.582404,-5.91,40,1026,2,Rain,20,8.24,None,4:25 AM - 7:08 PM
2023-05-29 16:03:32.582422,-15.9,46,982,25,Rain,99,9.36,Tornado,6:40 AM - 12:12 PM
2023-12-06 16:03:32.582440,19.43,36,987,11,Snow,13,2.61,Fog,7:09 AM - 11:00 PM
2023-05-26 16:03:32.582459,-5.67,22,1015,10,Rain,13,5.43,Thunderstorm,5:33 AM - 9:39 PM
2023-08-25 16:03:32.582477,27.44,27,1037,7,Snow,69,8.94,Tornado,8:00 AM - 10:13 PM
2023-12-19 16:03:32.582497,13.91,64,981,11,Snow,12,7.81,Tornado,5:37 AM - 6:43 PM
2023-12-23 16:03:32.582515,4.58,57,1049,23,None,100,6.37,Tornado,7:26 AM - 10:29 PM
2023-11-13 16:03:32.582533,-17.91,22,1048,30,None,62,5.87,Thunderstorm,7:43 AM - 9:53 PM
2023-12-16 16:03:32.582552,35.72,88,1044,22,None,67,6.65,None,7:30 AM - 11:19 PM
2023-08-19 16:03:32.582570,4.9,46,1001,16,Hail,10,8.1,Thunderstorm,5:30 AM - 9:42 PM
2023-11-12 16:03:32.582589,2.94,63,986,25,Snow,75,5.55,Thunderstorm,7:51 AM - 10:16 PM
2023-10-14 16:03:32.582634,-9.05,66,991,19,None,55,5.62,None,8:32 AM - 10:49 PM
2024-03-21 16:03:32.582654,-9.84,79,1031,30,Hail,61,1.08,Tornado,7:12 AM - 10:15 PM
2024-01-06 16:03:32.582673,13.12,47,1037,10,None,49,2.26,None,6:11 AM - 8:54 PM
2024-05-17 16:03:32.582691,-10.39,82,997,29,Snow,27,1.15,Tornado,8:29 AM - 12:52 PM
2023-11-26 16:03:32.582710,33.38,50,1010,0,Hail,50,5.02,Fog,8:18 AM - 9:41 PM
2024-03-12 16:03:32.582729,27.19,44,1008,8,Rain,91,1.24,None,7:15 AM - 9:20 PM
2023-09-28 16:03:32.582755,11.15,26,1046,12,Rain,34,2.62,None,4:14 AM - 10:30 PM
2023-09-23 16:03:32.582777,36.66,84,986,19,Rain,75,9.73,Fog,6:03 AM - 7:39 PM
2023-12-29 16:03:32.582795,4.52,60,1023,10,Rain,53,2.07,None,5:09 AM - 7:27 PM
2023-07-05 16:03:32.582814,21.86,27,983,28,None,99,9.62,None,4:36 AM - 6:58 PM
2023-10-22 16:03:32.582833,-15.1,48,1022,3,Hail,24,6.41,None,7:42 AM - 12:07 PM
2023-11-26 16:03:32.582851,39.06,31,1035,9,None,64,9.45,Fog,4:48 AM - 12:53 PM
2024-03-01 16:03:32.582870,7.19,45,1029,4,Snow,75,9.5,Thunderstorm,7:47 AM - 9:25 PM
2023-07-28 16:03:32.582894,5.36,90,1038,12,None,75,8.88,None,4:59 AM - 5:06 PM
2023-12-12 16:03:32.582913,-11.9,25,1041,23,Rain,11,4.59,Fog,6:07 AM - 10:59 PM
2023-06-11 16:03:32.582931,-10.62,79,1012,14,Hail,31,2.86,None,7:32 AM - 9:45 PM
2023-09-24 16:03:32.582950,-15.46,83,1007,5,None,34,6.84,Tornado,7:47 AM - 9:01 PM
2023-10-30 16:03:32.582969,4.27,87,986,26,Rain,23,5.53,None,8:14 AM - 12:18 PM
2023-06-12 16:03:32.582987,2.14,39,1031,27,Rain,28,9.92,Tornado,8:16 AM - 11:10 PM
2023-05-31 16:03:32.583005,3.65,83,1023,23,Rain,49,9.07,Tornado,4:59 AM - 9:19 PM
2024-02-01 16:03:32.583024,7.15,77,1026,20,None,94,6.32,None,5:00 AM - 6:22 PM
2023-06-09 16:03:32.583042,9.18,36,985,23,Hail,40,3.24,Fog,5:00 AM - 9:19 PM
2023-06-04 16:03:32.583061,29.65,75,982,14,Hail,71,8.24,Tornado,5:34 AM - 9:17 PM
2023-08-27 16:03:32.583079,23.34,84,1031,21,None,39,1.04,Tornado,8:59 AM - 11:34 PM
2023-11-16 16:03:32.583119,-17.84,67,1046,16,Snow,47,7.54,None,7:52 AM - 11:34 PM
2024-02-03 16:03:32.583138,-7.17,25,992,15,None,58,4.14,Thunderstorm,4:07 AM - 12:28 PM
2023-09-08 16:03:32.583157,39.12,61,989,29,Rain,81,5.3,Thunderstorm,7:19 AM - 8:25 PM
2023-12-23 16:03:32.583176,8.5,32,1018,21,None,97,4.44,Fog,7:08 AM - 12:17 PM
2023-09-02 16:03:32.583195,9.99,35,980,8,Hail,32,5.35,Tornado,4:12 AM - 9:06 PM
2023-11-12 16:03:32.583213,10.51,39,1025,22,None,24,2.5,Fog,7:37 AM - 11:21 PM
2024-02-27 16:03:32.583231,22.23,86,999,30,Snow,22,6.08,Fog,5:50 AM - 10:53 PM
2024-03-20 16:03:32.583250,-9.69,23,985,25,None,97,5.41,Thunderstorm,8:08 AM - 10:47 PM
2023-11-09 16:03:32.583269,9.17,87,1024,13,Rain,89,6.91,Fog,8:22 AM - 12:40 PM
2024-03-25 16:03:32.583287,-18.92,75,1047,25,None,79,2.59,Fog,6:11 AM - 11:12 PM
2024-01-11 16:03:32.583305,33.61,37,995,29,Snow,62,1.18,Tornado,5:15 AM - 11:42 PM
2024-02-07 16:03:32.583324,-7.78,55,982,22,None,40,5.71,Tornado,5:13 AM - 8:29 PM
2023-12-21 16:03:32.583343,36.17,43,993,21,Snow,59,6.75,Fog,5:22 AM - 10:40 PM
2024-04-06 16:03:32.583362,-17.87,75,992,29,Hail,85,6.31,Fog,7:38 AM - 9:35 PM
2024-05-21 16:03:32.583381,32.23,37,1006,28,None,75,5.87,Thunderstorm,5:53 AM - 11:06 PM
2024-03-18 16:03:32.583400,-16.74,51,1035,1,None,65,8.51,Fog,7:13 AM - 12:29 PM
2024-01-26 16:03:32.583419,26.95,86,1008,18,Rain,47,9.3,Thunderstorm,8:18 AM - 11:39 PM
2023-10-11 16:03:32.583437,5.7,56,982,23,None,56,6.33,Tornado,4:14 AM - 5:30 PM
2024-04-07 16:03:32.583455,2.87,59,1019,19,Rain,71,7.53,Tornado,5:39 AM - 11:04 PM
2023-07-06 16:03:32.583474,-4.23,66,993,28,Hail,33,9.66,None,6:45 AM - 9:44 PM
2023-10-05 16:03:32.583492,16.58,69,990,30,None,35,8.55,None,7:55 AM - 12:24 PM
2023-11-27 16:03:32.583510,-13.23,60,1016,12,None,97,7.75,Fog,4:15 AM - 12:52 PM
2023-07-29 16:03:32.583529,-17.58,62,1002,21,Hail,73,2.66,None,6:22 AM - 10:50 PM
2024-03-10 16:03:32.583555,24.44,80,1044,18,None,17,2.35,None,6:02 AM - 8:42 PM
2023-09-22 16:03:32.583574,23.05,74,1017,21,None,69,5.82,None,8:19 AM - 10:10 PM
2023-07-03 16:03:32.583592,3.23,34,1026,27,Snow,8,4.94,Tornado,8:58 AM - 11:43 PM
2023-12-23 16:03:32.583610,24.81,50,1040,23,None,7,2.65,Fog,4:42 AM - 5:08 PM
2024-03-16 16:03:32.583629,35.21,88,1047,29,Hail,60,4.21,Tornado,4:52 AM - 8:46 PM
2023-11-10 16:03:32.583647,11.19,36,1040,22,Rain,56,5.03,Thunderstorm,4:01 AM - 5:50 PM
2023-09-28 16:03:32.583666,-8.41,90,1028,5,None,71,7.73,Tornado,6:27 AM - 9:17 PM
2023-07-05 16:03:32.583685,9.13,38,1009,24,Hail,6,6.51,Thunderstorm,4:15 AM - 12:16 PM
2023-07-03 16:03:32.583704,38.83,59,1045,1,None,6,4.87,Fog,4:17 AM - 9:32 PM
2023-11-09 16:03:32.583722,39.76,32,988,29,None,99,2.99,Thunderstorm,8:45 AM - 12:36 PM
2024-03-10 16:03:32.583740,-11.38,79,1006,11,None,1,2.99,None,5:29 AM - 9:54 PM
2024-03-10 16:03:32.583759,9.18,75,989,25,None,41,1.68,Fog,8:49 AM - 9:40 PM
2024-02-16 16:03:32.583777,24.11,29,1024,14,None,34,7.68,Fog,4:28 AM - 10:36 PM
2024-02-15 16:03:32.583796,20.35,41,1036,14,Rain,74,4.73,Fog,7:16 AM - 9:10 PM
2023-08-12 16:03:32.583814,-3.72,47,995,25,Hail,7,1.49,Fog,4:20 AM - 10:42 PM
2023-07-28 16:03:32.583832,5.64,48,991,14,Snow,22,9.67,None,4:52 AM - 12:19 PM
2023-11-29 16:03:32.583851,1.64,90,1015,9,Hail,27,3.75,Fog,8:13 AM - 11:50 PM
2023-09-03 16:03:32.583869,-17.43,64,982,15,None,64,6.08,Fog,8:29 AM - 11:24 PM
2023-12-14 16:03:32.583892,-10.55,54,1039,27,Hail,26,8.96,None,8:38 AM - 11:09 PM
2023-12-19 16:03:32.583912,20.38,25,1038,3,Snow,23,1.87,None,7:13 AM - 11:47 PM
2023-07-11 16:03:32.583930,12.59,33,1008,5,Hail,95,8.52,Thunderstorm,8:02 AM - 11:14 PM
2023-09-20 16:03:32.583949,7.2,20,1047,13,None,31,3.14,Fog,6:49 AM - 10:45 PM
2024-05-22 16:03:32.583968,25.95,76,992,9,Hail,98,5.71,Tornado,6:23 AM - 9:33 PM
2024-01-16 16:03:32.583986,33.84,27,1026,5,None,35,9.34,Thunderstorm,8:42 AM - 10:44 PM
2023-05-26 16:03:32.584005,16.45,40,1001,16,Snow,57,6.44,None,6:29 AM - 11:17 PM
2023-11-07 16:03:32.584023,31.59,68,992,19,Snow,63,7.58,None,8:44 AM - 10:25 PM
2024-01-06 16:03:32.584042,-15.94,28,995,12,Snow,17,8.87,Fog,6:12 AM - 8:02 PM
2023-06-05 16:03:32.584060,21.85,26,993,20,Hail,40,4.32,Fog,5:15 AM - 6:21 PM
2024-01-23 16:03:32.584078,-3.64,41,1049,1,Hail,53,1.72,Thunderstorm,6:45 AM - 8:20 PM
2023-06-21 16:03:32.584106,22.4,34,1031,23,Snow,1,5.69,Fog,8:08 AM - 9:51 PM
2023-05-25 16:03:32.584125,3.56,73,1037,8,Snow,55,8.21,Tornado,4:03 AM - 10:45 PM
2023-06-22 16:03:32.584144,-18.34,85,984,1,None,25,6.86,Tornado,7:09 AM - 10:25 PM
2023-10-03 16:03:32.584162,-12.66,79,1021,8,Rain,69,7.87,Thunderstorm,5:10 AM - 10:29 PM
2023-10-07 16:03:32.584181,39.33,26,1037,6,None,61,7.14,Tornado,6:32 AM - 7:04 PM
2023-09-17 16:03:32.584200,16.3,75,982,17,Rain,5,7.12,None,7:36 AM - 12:02 PM
2024-04-17 16:03:32.584218,0.28,27,1003,26,Rain,73,9.36,Tornado,6:28 AM - 11:45 PM
2023-08-18 16:03:32.584236,-19.27,66,1017,2,None,22,3.06,Thunderstorm,8:33 AM - 11:31 PM
2023-07-09 16:03:32.584255,-17.78,55,1012,25,Snow,24,9.03,None,8:52 AM - 12:49 PM
2023-12-19 16:03:32.584273,19.28,32,1004,3,Snow,86,6.37,Tornado,4:26 AM - 12:05 PM
2023-09-13 16:03:32.584291,16.3,63,990,15,Rain,72,6.13,Tornado,4:56 AM - 12:28 PM
2023-12-05 16:03:32.584310,29.32,45,1009,11,Snow,65,7.53,Tornado,5:31 AM - 9:32 PM
2024-04-23 16:03:32.584328,-1.68,81,1012,28,Rain,22,6.97,None,6:59 AM - 7:12 PM
2024-04-09 16:03:32.584347,-14.95,26,1045,6,Hail,90,9.63,Tornado,4:05 AM - 10:30 PM
2024-01-27 16:03:32.584365,7.44,66,985,13,Hail,47,8.2,Thunderstorm,5:31 AM - 10:23 PM
2023-07-31 16:03:32.584386,28.9,80,1020,2,None,34,7.49,None,4:00 AM - 7:30 PM
2023-11-06 16:03:32.584405,10.29,86,995,23,Rain,46,8.06,Thunderstorm,8:33 AM - 11:15 PM
2023-12-21 16:03:32.584423,27.84,29,1000,0,None,36,8.95,None,4:25 AM - 9:16 PM
2023-10-08 16:03:32.584441,-1.65,89,1039,25,Hail,84,5.78,Tornado,8:12 AM - 11:49 PM
2023-05-31 16:03:32.584460,8.55,53,1025,29,None,28,7.97,None,7:51 AM - 8:50 PM
2023-11-12 16:03:32.584478,-9.42,71,993,5,Snow,24,5.35,Tornado,4:47 AM - 12:30 PM
2023-10-08 16:03:32.584497,-6.0,21,1020,8,Snow,69,9.53,Tornado,5:01 AM - 11:11 PM
2023-12-07 16:03:32.584515,36.89,63,1002,29,Snow,59,6.26,Fog,4:45 AM - 5:51 PM
2024-04-29 16:03:32.584553,25.54,37,1016,22,Snow,92,1.25,Thunderstorm,5:52 AM - 7:54 PM
2024-03-27 16:03:32.584574,6.82,88,1036,3,Rain,82,8.87,Fog,7:59 AM - 9:54 PM
2024-01-05 16:03:32.584593,10.08,32,1010,26,Hail,26,8.04,Fog,7:57 AM - 8:33 PM
2023-06-10 16:03:32.584611,16.5,70,1011,21,Snow,78,1.36,Tornado,7:57 AM - 12:37 PM
2024-05-22 16:03:32.584630,-9.71,82,1014,11,Rain,14,7.11,None,6:36 AM - 11:42 PM
2024-02-18 16:03:32.584649,-4.14,25,1008,6,Snow,69,3.78,Thunderstorm,4:03 AM - 8:59 PM
2024-02-25 16:03:32.584667,39.39,24,1041,12,None,84,1.69,None,7:28 AM - 12:41 PM
2024-05-21 16:03:32.584685,7.94,87,1004,13,None,11,7.39,Thunderstorm,7:32 AM - 10:45 PM
2023-11-02 16:03:32.584704,32.21,31,1021,4,None,23,5.67,None,4:21 AM - 5:23 PM
2023-12-07 16:03:32.584722,4.85,28,997,9,None,6,9.61,Tornado,8:48 AM - 10:36 PM
2023-12-29 16:03:32.584741,-14.46,50,1034,6,None,14,7.4,Thunderstorm,4:42 AM - 10:51 PM
2023-11-25 16:03:32.584759,-19.7,32,993,13,Rain,40,1.87,Fog,6:29 AM - 11:25 PM
2023-12-06 16:03:32.584778,-18.99,43,1030,0,None,54,1.46,Thunderstorm,8:08 AM - 10:33 PM
2023-11-24 16:03:32.584796,1.85,81,1017,29,None,6,4.65,Thunderstorm,6:35 AM - 12:40 PM
2024-01-14 16:03:32.584814,11.06,61,1004,25,Snow,90,3.56,Tornado,8:58 AM - 12:24 PM
2023-08-09 16:03:32.584833,18.13,38,1044,19,Snow,84,6.23,Tornado,4:18 AM - 6:12 PM
2023-10-17 16:03:32.584852,-9.84,60,1042,20,Rain,74,7.47,Fog,5:08 AM - 7:59 PM
2023-11-28 16:03:32.584870,11.07,76,1049,9,Rain,69,3.83,None,5:57 AM - 7:49 PM
2024-02-08 16:03:32.584894,37.76,51,984,29,Snow,8,7.73,Thunderstorm,8:23 AM - 10:57 PM
2024-04-13 16:03:32.584913,-17.51,61,992,3,None,80,9.75,Thunderstorm,6:45 AM - 11:27 PM
2024-01-05 16:03:32.584932,28.03,58,1043,28,Hail,32,7.05,Tornado,4:31 AM - 10:50 PM
2024-02-15 16:03:32.584950,-6.17,52,1027,3,Rain,38,5.97,Thunderstorm,8:33 AM - 9:14 PM
2023-09-09 16:03:32.584968,-10.86,33,1011,19,Hail,41,6.14,Thunderstorm,5:53 AM - 6:47 PM
2024-02-26 16:03:32.584987,31.93,38,986,17,None,92,3.28,Tornado,7:29 AM - 8:32 PM
2024-02-08 16:03:32.585005,24.14,77,984,14,Snow,49,8.72,Thunderstorm,5:37 AM - 9:03 PM
2023-08-20 16:03:32.585024,31.55,83,990,23,Snow,53,3.24,Thunderstorm,7:54 AM - 8:53 PM
2024-01-05 16:03:32.585042,16.41,47,1041,18,Hail,64,4.13,Fog,8:16 AM - 11:00 PM
2024-02-13 16:03:32.585061,7.73,41,994,19,None,89,7.18,Thunderstorm,4:44 AM - 10:22 PM
2023-12-06 16:03:32.585079,-3.18,75,992,22,None,26,4.35,Tornado,8:45 AM - 11:58 PM
2024-03-27 16:03:32.585106,-3.44,44,1043,18,Rain,59,2.59,Tornado,6:35 AM - 9:49 PM
2024-01-28 16:03:32.585125,8.85,48,982,29,None,29,7.31,Tornado,8:05 AM - 12:41 PM
2023-11-16 16:03:32.585144,4.02,72,1007,6,None,8,6.47,None,6:35 AM - 11:34 PM
2023-12-06 16:03:32.585162,11.55,61,1045,23,Hail,17,3.47,Fog,8:33 AM - 9:39 PM
2023-07-31 16:03:32.585180,30.89,81,989,26,Hail,58,5.72,Fog,4:41 AM - 10:34 PM
2023-09-17 16:03:32.585199,19.58,66,991,14,Snow,47,2.09,Tornado,4:34 AM - 12:21 PM
2024-01-01 16:03:32.585218,18.55,62,1003,3,Hail,67,2.13,None,6:31 AM - 7:16 PM
2023-11-08 16:03:32.585236,21.98,30,983,15,Rain,7,5.25,Fog,8:05 AM - 12:46 PM
2023-10-28 16:03:32.585255,-4.65,67,1034,14,Hail,99,3.54,Tornado,6:32 AM - 12:38 PM
2024-04-11 16:03:32.585273,-1.58,43,991,28,Snow,35,1.67,Tornado,6:36 AM - 8:00 PM
2023-09-06 16:03:32.585292,4.19,28,1007,3,Snow,14,9.97,None,7:49 AM - 10:09 PM
2023-07-12 16:03:32.585310,3.77,44,1036,22,Hail,65,4.18,Thunderstorm,7:41 AM - 8:54 PM
2023-05-23 16:03:32.585329,-13.47,62,985,28,Hail,25,1.2,Fog,4:31 AM - 8:59 PM
2023-08-07 16:03:32.585348,-3.59,47,986,12,Hail,73,1.58,Thunderstorm,8:20 AM - 10:01 PM
2024-01-20 16:03:32.585367,-3.83,55,1022,22,Hail,84,8.87,Thunderstorm,7:33 AM - 8:55 PM
2023-08-20 16:03:32.585387,12.3,26,1019,5,Hail,61,3.71,None,4:01 AM - 7:41 PM
2024-04-16 16:03:32.585406,6.52,30,1019,13,Hail,87,6.49,Tornado,5:40 AM - 6:08 PM
2024-03-04 16:03:32.585428,37.59,47,981,15,Snow,83,8.19,Fog,5:43 AM - 7:41 PM
2024-03-27 16:03:32.585446,-17.33,77,1011,9,Snow,63,8.26,Tornado,6:04 AM - 9:37 PM
2023-07-17 16:03:32.585465,-5.23,76,1026,16,Rain,30,7.51,Thunderstorm,8:01 AM - 10:32 PM
2024-03-30 16:03:32.585484,29.01,84,992,23,Hail,38,5.6,Tornado,5:13 AM - 11:45 PM
2024-03-21 16:03:32.585503,20.1,45,994,2,Hail,14,5.15,Tornado,4:42 AM - 12:40 PM
2024-04-19 16:03:32.585521,18.96,85,1031,22,None,29,7.54,None,8:08 AM - 12:01 PM
2023-06-09 16:03:32.585539,20.37,23,1031,21,Hail,2,9.08,Fog,8:05 AM - 11:59 PM
2023-09-09 16:03:32.585558,30.38,72,1028,2,None,82,1.49,None,5:46 AM - 9:44 PM
2024-01-22 16:03:32.585576,10.95,34,1033,10,Rain,67,1.15,Thunderstorm,8:57 AM - 9:25 PM
2023-09-19 16:03:32.585594,19.84,30,1002,16,Hail,64,9.79,None,8:43 AM - 12:42 PM
2024-01-31 16:03:32.585613,-7.17,20,1034,7,None,26,3.05,Tornado,4:33 AM - 10:34 PM
2023-12-17 16:03:32.585631,12.42,52,1006,2,Snow,78,8.74,None,7:10 AM - 10:02 PM
2024-01-24 16:03:32.585649,9.85,35,1038,3,Hail,14,1.72,Thunderstorm,5:21 AM - 8:23 PM
2024-04-11 16:03:32.585669,16.82,53,992,20,Snow,4,4.39,None,5:53 AM - 6:14 PM
2024-02-19 16:03:32.585688,3.99,79,999,3,Hail,35,9.45,Thunderstorm,8:23 AM - 12:45 PM
2024-01-19 16:03:32.585707,14.98,82,1017,5,Snow,55,7.73,Tornado,6:13 AM - 9:04 PM
2023-11-15 16:03:32.585725,15.5,31,983,22,Hail,46,9.1,Fog,7:42 AM - 11:43 PM
2024-01-31 16:03:32.585744,32.47,55,994,5,Snow,84,8.99,Thunderstorm,5:43 AM - 7:07 PM
2023-11-28 16:03:32.585762,35.76,27,1013,6,Hail,9,2.24,Tornado,4:57 AM - 9:33 PM
2023-06-21 16:03:32.585781,30.24,86,1004,0,Snow,58,1.53,None,4:24 AM - 12:58 PM
2023-11-20 16:03:32.585799,36.11,22,1009,10,None,77,4.86,Fog,7:24 AM - 8:45 PM
2024-03-25 16:03:32.585817,-2.46,89,1045,16,Snow,1,7.59,Thunderstorm,8:27 AM - 10:37 PM
2024-05-19 16:03:32.585835,22.67,69,1048,11,None,82,1.65,Tornado,7:47 AM - 12:25 PM
2024-01-03 16:03:32.585853,9.45,48,1019,26,None,31,2.29,Thunderstorm,4:51 AM - 5:00 PM
2024-03-26 16:03:32.585872,-18.1,63,1022,18,Rain,73,4.03,Fog,7:12 AM - 9:22 PM
2023-10-20 16:03:32.585895,28.4,36,1003,7,Hail,39,1.65,Fog,4:27 AM - 8:41 PM
2023-11-02 16:03:32.585913,5.18,28,994,7,None,41,2.13,Tornado,7:12 AM - 8:12 PM
2024-04-22 16:03:32.585931,38.02,84,999,11,Hail,78,6.5,None,7:10 AM - 9:17 PM
2023-08-20 16:03:32.585950,35.55,76,1044,30,Snow,85,8.89,None,7:17 AM - 10:08 PM
2024-04-09 16:03:32.585968,20.49,83,1003,30,Snow,38,6.68,None,5:29 AM - 11:49 PM
2023-09-05 16:03:32.585987,22.66,75,1000,10,Hail,64,4.44,Fog,4:12 AM - 6:37 PM
2023-11-24 16:03:32.586005,10.81,55,1030,8,Rain,91,3.21,None,4:21 AM - 11:17 PM
2024-03-20 16:03:32.586023,-12.02,37,1050,27,None,1,8.4,Tornado,6:57 AM - 10:41 PM
2024-02-15 16:03:32.586042,22.48,50,1020,1,None,100,2.8,Fog,7:26 AM - 10:51 PM
2024-03-24 16:03:32.586060,30.06,50,1019,19,None,50,4.94,Fog,8:26 AM - 9:38 PM
2024-04-05 16:03:32.586079,38.88,78,1007,10,None,37,4.01,Thunderstorm,7:59 AM - 11:58 PM
2023-12-18 16:03:32.586106,-16.4,82,986,10,Snow,81,4.15,Thunderstorm,6:23 AM - 7:13 PM
2023-11-21 16:03:32.586125,-2.24,79,1038,18,None,13,8.3,Tornado,6:22 AM - 9:12 PM
2024-04-01 16:03:32.586143,10.51,62,1038,16,Hail,93,1.3,Tornado,5:58 AM - 11:52 PM
2023-10-03 16:03:32.586162,-15.62,63,1031,13,Snow,22,1.29,None,5:28 AM - 12:41 PM
2023-07-25 16:03:32.586180,26.8,65,1050,4,Snow,23,7.91,Thunderstorm,7:31 AM - 12:17 PM
2023-11-14 16:03:32.586199,22.41,77,986,25,None,22,5.37,Fog,6:44 AM - 12:47 PM
2023-09-20 16:03:32.586217,-16.33,85,1043,26,Rain,96,5.65,Fog,7:04 AM - 9:48 PM
2023-11-17 16:03:32.586235,33.05,66,991,7,Rain,75,1.7,Tornado,8:12 AM - 9:37 PM
2024-02-13 16:03:32.586261,27.24,29,991,20,None,40,8.7,Thunderstorm,6:35 AM - 11:29 PM
2023-10-11 16:03:32.586280,32.47,21,1014,25,Rain,87,8.26,Tornado,8:14 AM - 10:08 PM
2024-01-19 16:03:32.586301,13.25,71,1049,10,None,86,2.28,Thunderstorm,6:35 AM - 7:35 PM
2024-04-25 16:03:32.586320,38.58,59,1024,11,Hail,59,8.3,Thunderstorm,6:22 AM - 8:09 PM
2023-12-13 16:03:32.586339,30.21,47,1000,4,None,72,2.53,Tornado,6:27 AM - 7:50 PM
2023-09-12 16:03:32.586357,0.28,59,1050,25,Hail,33,6.32,Thunderstorm,5:59 AM - 8:33 PM
2024-01-01 16:03:32.586375,4.6,31,1040,23,Snow,36,3.68,None,7:45 AM - 8:05 PM
2023-09-08 16:03:32.586417,22.02,34,1045,30,Snow,60,1.72,Fog,8:09 AM - 11:51 PM
2023-11-25 16:03:32.586438,-18.07,77,1006,18,Hail,9,8.73,Tornado,8:52 AM - 11:49 PM
2024-04-23 16:03:32.586457,-13.69,37,1023,19,Snow,7,7.95,Tornado,8:21 AM - 10:43 PM
2023-09-17 16:03:32.586476,-1.75,61,1024,26,Hail,75,4.83,None,8:57 AM - 9:12 PM
2023-10-28 16:03:32.586494,27.14,77,982,5,Hail,69,5.83,Tornado,7:00 AM - 8:02 PM
2024-01-06 16:03:32.586513,25.36,64,1025,24,Snow,90,9.5,Tornado,4:44 AM - 6:40 PM
2023-12-23 16:03:32.586532,21.08,69,1003,19,Snow,39,4.16,Fog,4:53 AM - 8:32 PM
2023-11-27 16:03:32.586550,-18.68,66,1008,8,Hail,67,3.31,Tornado,6:36 AM - 7:53 PM
2024-03-02 16:03:32.586568,11.17,36,1022,21,None,50,2.91,Fog,4:30 AM - 8:49 PM
2024-03-01 16:03:32.586586,13.23,41,991,30,Rain,91,3.02,Thunderstorm,6:26 AM - 9:31 PM
2024-03-26 16:03:32.586605,22.22,79,1005,21,Rain,71,8.19,None,7:04 AM - 11:44 PM
2024-01-29 16:03:32.586623,-14.64,21,998,1,Rain,29,4.59,None,8:50 AM - 12:46 PM
2023-07-23 16:03:32.586642,34.68,36,995,23,Snow,30,5.14,None,8:12 AM - 12:24 PM
2023-08-07 16:03:32.586660,12.82,40,1045,5,Rain,4,6.91,Fog,5:43 AM - 9:27 PM
2024-04-01 16:03:32.586678,15.97,23,1011,16,Snow,2,6.54,Thunderstorm,8:45 AM - 11:02 PM
2024-02-16 16:03:32.586696,-7.45,68,1013,5,Rain,46,1.13,Fog,4:52 AM - 9:56 PM
2024-01-30 16:03:32.586715,-13.02,80,1046,27,Snow,19,8.38,Tornado,6:37 AM - 12:37 PM
2023-12-06 16:03:32.586733,0.99,83,1031,20,Snow,40,4.66,Thunderstorm,4:04 AM - 8:25 PM
2023-08-19 16:03:32.586752,33.47,47,1004,29,Snow,17,3.48,Fog,8:58 AM - 10:25 PM
2023-07-04 16:03:32.586770,6.41,67,1013,11,None,27,6.55,Fog,6:34 AM - 11:54 PM
2023-12-01 16:03:32.586789,-19.19,79,988,22,Snow,66,9.77,Tornado,4:57 AM - 11:33 PM
2023-07-26 16:03:32.586807,-6.85,20,1011,14,Rain,72,8.04,None,6:13 AM - 12:10 PM
2023-08-09 16:03:32.586826,35.36,90,1026,10,Hail,69,7.0,Tornado,7:39 AM - 12:22 PM
2023-10-03 16:03:32.586845,12.12,86,1047,1,Hail,83,8.86,Thunderstorm,4:24 AM - 7:07 PM
2023-08-21 16:03:32.586863,30.05,48,1031,12,Rain,6,1.55,Thunderstorm,5:55 AM - 12:35 PM
2024-02-21 16:03:32.586888,38.17,33,998,0,None,99,9.03,Fog,8:06 AM - 10:57 PM
2024-02-02 16:03:32.586907,21.88,79,1047,12,None,97,3.67,None,7:04 AM - 8:02 PM
2023-12-28 16:03:32.586925,-4.36,81,1023,20,Rain,24,4.99,Thunderstorm,5:34 AM - 6:26 PM
2023-07-02 16:03:32.586944,29.73,51,994,24,Hail,13,8.19,Fog,7:33 AM - 9:31 PM
2024-02-14 16:03:32.586962,10.59,43,1044,25,Rain,87,2.24,Thunderstorm,4:16 AM - 8:39 PM
2024-04-12 16:03:32.586981,14.94,54,1030,23,Snow,19,4.91,Fog,4:36 AM - 7:54 PM
2023-12-26 16:03:32.586999,27.23,69,1001,13,Rain,25,6.62,Tornado,4:03 AM - 12:58 PM
2024-03-28 16:03:32.587017,7.76,76,1048,19,Snow,29,1.51,Fog,7:56 AM - 12:55 PM
2023-12-08 16:03:32.587036,21.03,48,987,13,Snow,11,8.34,Thunderstorm,5:16 AM - 10:18 PM
2023-06-27 16:03:32.587054,-1.91,63,988,10,Hail,41,8.51,Tornado,6:14 AM - 7:13 PM
2023-06-19 16:03:32.587073,30.17,48,997,3,Rain,61,5.15,None,6:13 AM - 11:15 PM
2023-12-16 16:03:32.587138,-10.95,73,1000,17,Hail,90,2.11,Tornado,5:19 AM - 12:40 PM
2024-05-04 16:03:32.587169,37.61,90,1034,6,Rain,79,1.75,Fog,6:41 AM - 7:38 PM
2024-04-18 16:03:32.587236,32.94,69,1008,13,Rain,56,8.29,Fog,6:11 AM - 10:26 PM
2023-06-27 16:03:32.587265,33.25,57,1023,18,None,23,1.12,Fog,8:11 AM - 12:26 PM
2023-06-03 16:03:32.587284,6.31,56,1001,22,Snow,47,2.92,None,5:18 AM - 8:14 PM
2024-02-04 16:03:32.587303,0.09,90,990,3,Snow,93,3.77,None,6:00 AM - 7:48 PM
2023-12-01 16:03:32.587322,1.18,29,1045,15,Snow,98,1.02,Thunderstorm,8:37 AM - 11:28 PM
2024-04-09 16:03:32.587340,20.53,77,1010,15,Rain,59,9.31,Fog,8:30 AM - 11:01 PM
2023-09-07 16:03:32.587359,-10.74,62,1008,8,Rain,6,3.28,None,7:45 AM - 8:16 PM
2023-06-21 16:03:32.587377,2.91,44,1005,8,Rain,0,7.42,Thunderstorm,6:46 AM - 10:16 PM
2023-10-14 16:03:32.587515,0.24,50,1048,0,Snow,88,3.47,Tornado,6:10 AM - 11:54 PM
2023-07-16 16:03:32.587555,18.25,37,990,8,None,22,8.5,Thunderstorm,5:49 AM - 6:38 PM
2024-03-27 16:03:32.587577,-12.91,24,1008,0,None,67,6.85,Tornado,8:48 AM - 9:29 PM
2024-03-18 16:03:32.587598,38.15,76,998,6,None,15,6.46,Fog,8:14 AM - 12:58 PM
2023-08-13 16:03:32.587620,-12.94,57,1020,12,None,10,2.86,Thunderstorm,8:43 AM - 9:04 PM
2023-08-31 16:03:32.587640,39.59,62,1029,22,Hail,75,4.23,Fog,7:37 AM - 12:56 PM
2023-08-28 16:03:32.587659,-0.21,59,1044,3,Snow,64,2.41,Fog,8:14 AM - 11:56 PM
2023-11-17 16:03:32.587680,25.62,81,1015,25,Snow,45,4.12,Thunderstorm,8:15 AM - 9:41 PM
2024-03-22 16:03:32.587703,7.33,58,1004,28,Rain,66,6.37,None,8:54 AM - 10:25 PM
2023-12-10 16:03:32.587786,0.79,72,1043,24,Snow,70,4.69,None,5:49 AM - 9:38 PM
2024-05-15 16:03:32.587808,29.5,87,1018,10,None,80,7.81,Thunderstorm,5:08 AM - 11:57 PM
2024-03-30 16:03:32.587827,6.7,39,985,21,Rain,49,2.89,Fog,8:02 AM - 10:52 PM
2023-11-13 16:03:32.587846,-15.03,86,994,1,Snow,97,3.98,None,8:03 AM - 9:09 PM
2024-04-23 16:03:32.587866,24.91,63,1041,30,Snow,90,7.15,Thunderstorm,5:08 AM - 12:07 PM
2023-08-07 16:03:32.587885,6.32,84,1049,3,Snow,11,3.21,Tornado,4:01 AM - 10:33 PM
2024-03-14 16:03:32.587905,12.43,86,985,5,Snow,90,8.17,Fog,6:05 AM - 10:06 PM
2023-07-23 16:03:32.587924,35.32,73,999,7,Rain,6,4.34,Tornado,4:53 AM - 8:33 PM
2023-06-14 16:03:32.587943,24.28,82,1000,4,Snow,74,8.09,Tornado,6:37 AM - 10:42 PM
2023-10-25 16:03:32.587963,18.6,44,1031,0,Hail,15,8.53,Thunderstorm,7:19 AM - 10:04 PM
2023-06-22 16:03:32.587989,-18.23,42,997,10,Snow,86,2.84,Thunderstorm,4:06 AM - 7:58 PM
2024-04-04 16:03:32.588009,35.45,52,995,19,Snow,50,7.72,Tornado,6:47 AM - 8:44 PM
2023-11-20 16:03:32.588028,2.07,64,1009,10,Snow,14,7.52,None,6:07 AM - 7:19 PM
2024-01-05 16:03:32.588047,-14.36,55,1021,9,Rain,70,5.04,Fog,8:52 AM - 11:31 PM
2023-11-25 16:03:32.588066,33.51,22,1021,27,Hail,57,1.6,Fog,8:25 AM - 11:20 PM
2023-07-27 16:03:32.588131,35.34,40,1039,16,Snow,67,1.55,None,4:16 AM - 7:49 PM
2023-07-05 16:03:32.588151,31.8,29,1023,17,None,5,8.01,Tornado,7:44 AM - 11:51 PM
2023-09-22 16:03:32.588171,32.19,22,1048,9,Rain,78,8.27,Fog,6:18 AM - 12:31 PM
2023-09-21 16:03:32.588190,27.23,70,1015,22,None,52,5.59,Tornado,6:05 AM - 8:05 PM
2023-12-13 16:03:32.588210,-10.93,61,1016,22,None,29,4.47,Fog,4:02 AM - 5:41 PM
2023-07-18 16:03:32.588242,25.54,74,1016,8,Rain,30,6.98,Fog,8:43 AM - 9:39 PM
2024-04-08 16:03:32.588262,39.19,66,1000,28,Rain,68,2.82,None,6:02 AM - 12:08 PM
2024-01-20 16:03:32.588284,19.87,54,1029,3,Hail,82,8.32,None,6:13 AM - 9:11 PM
2024-02-28 16:03:32.588312,1.03,75,1016,5,Hail,52,6.98,Tornado,7:54 AM - 11:42 PM
2023-11-21 16:03:32.588332,-11.78,73,997,26,Rain,81,2.93,Fog,4:01 AM - 8:45 PM
2023-08-23 16:03:32.588352,18.64,25,996,21,Hail,90,5.31,Fog,8:53 AM - 12:34 PM
2023-05-31 16:03:32.588372,13.14,65,1007,8,None,56,3.69,Tornado,7:57 AM - 8:18 PM
2024-03-14 16:03:32.588392,26.53,45,1005,16,Rain,96,6.66,Thunderstorm,5:55 AM - 11:13 PM
2024-04-03 16:03:32.588411,17.92,45,993,0,Snow,77,1.46,Thunderstorm,4:15 AM - 10:05 PM
2024-04-12 16:03:32.588431,-18.85,89,1017,0,None,35,6.69,Tornado,5:56 AM - 9:12 PM
2023-08-26 16:03:32.588451,-8.17,86,1019,24,Hail,31,5.09,Fog,4:38 AM - 11:32 PM
2023-09-24 16:03:32.588471,-9.12,80,1007,27,None,99,5.47,None,7:16 AM - 9:23 PM
2024-02-29 16:03:32.588492,28.35,39,984,7,Rain,48,2.73,Thunderstorm,5:35 AM - 11:58 PM
2023-12-02 16:03:32.588511,15.42,37,1027,15,None,99,8.43,Tornado,4:21 AM - 7:53 PM
2024-02-12 16:03:32.588531,2.04,77,983,20,None,55,2.15,Thunderstorm,4:55 AM - 10:29 PM
2024-01-27 16:03:32.588551,23.11,79,1002,15,None,5,1.59,None,7:30 AM - 12:53 PM
2023-11-02 16:03:32.588572,36.58,62,1047,1,None,5,7.55,Thunderstorm,8:21 AM - 10:42 PM
2023-11-18 16:03:32.588592,10.0,21,1007,25,Rain,63,8.69,None,5:04 AM - 10:29 PM
2024-05-22 16:03:32.588614,-17.82,24,1038,0,Snow,58,1.47,None,8:02 AM - 12:38 PM
2023-08-06 16:03:32.588635,12.5,52,1010,27,Rain,28,9.87,None,6:09 AM - 8:38 PM
2023-09-21 16:03:32.588655,2.26,62,981,26,Rain,87,1.56,Thunderstorm,4:49 AM - 11:06 PM
2023-06-15 16:03:32.588679,33.45,48,1047,6,Rain,26,2.88,None,4:58 AM - 7:47 PM
2023-10-27 16:03:32.588699,34.93,57,1022,7,None,57,6.54,Fog,5:45 AM - 6:07 PM
2023-06-19 16:03:32.588746,37.54,33,987,7,Snow,10,2.63,Tornado,5:29 AM - 7:54 PM
2024-01-30 16:03:32.588821,-8.94,58,1025,15,Snow,37,4.84,Thunderstorm,8:04 AM - 11:01 PM
2023-06-01 16:03:32.588850,36.07,68,997,13,None,31,7.43,None,6:36 AM - 12:08 PM
2023-11-16 16:03:32.588872,6.52,38,1031,27,Snow,69,3.26,Thunderstorm,8:32 AM - 11:43 PM
2023-09-30 16:03:32.588892,11.84,90,999,11,None,94,2.2,Tornado,5:15 AM - 12:59 PM
2023-12-01 16:03:32.588912,28.84,65,1013,10,Hail,43,2.06,Tornado,7:44 AM - 11:55 PM
2023-12-31 16:03:32.588931,-11.15,79,1021,0,Rain,92,7.19,Fog,5:34 AM - 11:41 PM
2023-11-06 16:03:32.588952,36.18,41,1036,18,None,14,6.88,Fog,8:28 AM - 10:44 PM
2023-07-15 16:03:32.588972,15.47,58,1044,29,Rain,40,1.85,None,7:21 AM - 12:24 PM
2024-01-24 16:03:32.588993,24.33,41,1004,0,Hail,9,1.79,Tornado,7:09 AM - 8:17 PM
2023-06-12 16:03:32.589014,6.52,37,987,30,Rain,20,1.89,Thunderstorm,5:48 AM - 9:58 PM
2023-12-28 16:03:32.589035,31.83,34,1044,1,Rain,51,4.87,None,5:22 AM - 9:22 PM
2023-11-02 16:03:32.589054,21.69,68,1006,15,Snow,80,3.46,Tornado,7:00 AM - 12:06 PM
2023-09-05 16:03:32.589074,-9.7,78,992,19,None,53,1.06,None,7:25 AM - 9:38 PM
2023-12-01 16:03:32.589140,-2.67,63,1005,25,Snow,0,7.63,Fog,5:53 AM - 8:51 PM
2023-08-04 16:03:32.589164,3.37,67,1023,17,Rain,26,5.56,Tornado,4:58 AM - 10:10 PM
2023-08-24 16:03:32.589184,-10.24,62,1044,10,Snow,49,6.7,Fog,4:31 AM - 11:35 PM
2023-07-10 16:03:32.589204,37.17,40,1008,22,None,83,4.76,Thunderstorm,5:02 AM - 7:15 PM
2023-10-04 16:03:32.589241,39.01,47,982,14,None,38,5.13,Tornado,6:32 AM - 12:13 PM
2023-08-03 16:03:32.589265,4.5,89,1042,29,None,5,7.61,None,7:09 AM - 11:59 PM
2024-04-25 16:03:32.589286,13.18,69,994,21,None,88,5.04,Fog,7:43 AM - 10:36 PM
