Идентификатор избирательного района,Дата избирательной кампании,Кандидаты,Политическая партия кандидата,Общественное мнение,Результаты предыдущих выборов,Уровень явки на предыдущих выборах,Экономические показатели,Демографические данные,Политические тенденции,Экспертные оценки и аналитика,Факторы кампании
238,2021-07-09,Ashley Lopez,Party B,7610,656,52,7401,85,8246,83,19
832,2020-06-20,Andrea Pierce,Party B,3960,3862,24,9021,36,4242,505,70
310,2022-05-08,Mr. Anthony Bailey,Party B,5452,7931,81,5679,48,4088,470,21
144,2021-12-02,Michelle Vargas,Party A,1865,6940,41,9476,10,1807,736,78
573,2020-05-07,Lisa Sutton,Party A,1565,357,3,3658,72,5389,768,98
157,2024-05-13,Alexis Brown,Independent,2246,1397,94,2463,26,6294,704,87
519,2020-09-21,Andrew Diaz,Party B,6871,5394,45,204,98,1736,989,68
3,2023-04-15,Lauren Allen,Party A,4990,6423,27,2436,25,8467,143,86
691,2020-02-15,Timothy Andrews,Party A,3719,303,65,3489,49,7296,309,29
32,2024-02-18,Joseph French,Party A,6997,7742,23,78,55,3589,285,7
224,2021-04-02,Christine Jones,Independent,8190,8671,59,3562,59,7976,986,37
209,2024-03-05,Joseph Ramirez,Independent,4711,6223,86,2834,2,6158,56,39
55,2022-11-21,Shawn Thompson,Party B,5954,9276,3,5368,47,7670,311,85
689,2023-06-03,Brandon Cervantes,Party A,5108,5090,75,6749,2,1250,572,86
219,2022-09-19,Jessica Simpson,Party B,8757,1636,54,9055,91,8097,882,64
976,2020-02-08,Catherine Martinez,Independent,8141,2976,15,6921,21,9153,877,95
43,2020-06-07,Steven Williams,Party A,5866,3231,36,7698,3,501,976,62
765,2023-08-23,Roy Camacho,Party B,4949,1216,89,395,41,3179,555,62
608,2022-12-07,Sandra Smith,Party A,8175,2180,6,5591,46,2951,800,54
318,2020-09-04,Theresa Parker,Party B,8387,7647,85,3461,69,3139,404,77
821,2020-06-15,Daniel Davidson,Independent,5690,2511,73,2649,34,225,314,49
303,2022-09-15,Michael Brooks,Party A,4855,2555,23,1476,33,8007,887,69
339,2021-11-23,Joseph Hunt,Independent,7328,226,89,1798,94,6030,384,69
443,2021-09-25,Teresa Watson,Party B,6592,8386,92,6983,53,3785,108,10
770,2022-08-09,Tammy Nguyen,Party B,3751,9111,69,6037,96,756,353,99
152,2022-01-08,Michael Peck,Party A,3132,2245,99,1346,26,3449,368,75
616,2023-08-25,Daniel Gonzales,Party A,4243,2884,70,4120,64,7889,702,17
529,2020-09-11,Mrs. Melissa Hernandez,Independent,2616,2845,13,5424,44,5711,19,10
434,2020-03-13,Ronnie Hansen,Party A,2793,4159,2,7929,56,6178,370,38
671,2020-12-21,Amy Smith,Independent,3178,8197,62,2348,64,3364,29,31
890,2020-10-08,Jay Armstrong,Independent,1070,680,91,2069,27,7737,297,89
970,2021-10-17,Douglas Bruce,Party A,1183,9312,58,3618,92,8903,285,96
276,2024-02-06,Michael Wheeler,Independent,1214,8341,66,9896,24,5577,17,39
149,2022-10-11,David Lopez,Independent,6839,772,3,252,61,2685,567,98
93,2020-11-10,Amber Taylor,Party A,1215,4268,80,7189,51,7831,535,3
937,2022-07-03,Carolyn Reynolds,Party A,6027,6537,85,5300,14,6974,132,31
376,2020-06-10,Scott Jensen,Independent,9705,2009,69,6877,76,1515,879,41
933,2023-06-05,Christopher Sullivan,Party A,4385,4960,86,2958,31,4308,262,4
71,2022-11-28,Stephen Ramirez,Party B,3453,557,9,2776,82,7285,357,18
816,2022-12-19,Carmen Kim,Party A,316,529,75,2426,26,5438,581,28
405,2021-05-23,Chris Gonzalez,Party B,8457,9632,22,5298,70,7424,861,36
27,2024-03-25,Kristine Lane,Party B,5648,3499,8,3989,6,4671,519,49
779,2023-10-12,Mike Rivas,Party A,9216,7056,98,1152,85,3821,798,88
359,2021-09-11,Jason Obrien,Party A,9927,9304,53,5875,55,5449,758,25
174,2022-06-25,Jacob Hunter,Party A,3473,2142,11,4785,91,6153,323,57
90,2022-10-13,Jasmin Brewer,Independent,3654,2774,56,488,26,823,848,74
687,2022-04-17,Alec Rocha,Party A,7823,3415,6,8779,89,5454,533,98
72,2020-03-20,Marc Barnes,Independent,925,6623,37,5482,89,6769,636,40
652,2021-11-10,Mrs. Carly Clayton,Party A,5537,9293,51,8081,2,6512,212,7
49,2021-08-03,Nicole Lynch,Party B,6722,6824,55,6816,81,9393,139,74
503,2022-05-02,Jeremy Simmons,Independent,2911,2465,54,6027,6,6966,216,92
60,2022-06-03,Samuel Parker,Independent,5316,1168,42,8786,83,1934,333,69
229,2020-11-04,Christine Rodriguez,Independent,8192,6737,92,826,15,9940,771,51
974,2023-05-20,Victoria Hernandez,Party A,3908,2094,43,1045,94,9850,511,38
104,2020-02-18,Matthew Little,Party A,8062,9108,19,3148,41,2769,281,11
222,2023-02-09,Donna Oliver,Party A,8361,3030,3,6244,63,5146,113,11
749,2020-06-25,Brett Lewis,Party B,440,1427,83,3543,2,2213,452,77
442,2021-12-31,Christopher Parker,Party B,5385,3628,64,6679,70,5656,564,71
419,2020-08-12,Bryan Allen,Party A,4967,7040,27,4986,74,4213,380,61
742,2023-03-30,John Bell,Party A,9708,1835,1,1939,83,953,557,83
648,2024-04-01,Monica Hunter,Party B,1098,6306,24,2327,69,7584,303,78
412,2021-10-14,Doris Taylor,Party A,2924,6988,94,8789,84,545,48,12
826,2022-06-11,Matthew Rojas,Party A,6881,2026,93,3017,13,6365,388,86
37,2024-05-20,Jeff Bradford,Independent,294,6433,34,9171,19,3459,324,79
472,2024-02-11,Angela Malone,Independent,9712,1729,62,3873,95,8847,853,26
959,2023-10-09,Darren Leon,Party A,8909,5420,48,7495,24,6225,300,0
433,2021-06-15,Brandon Harvey,Party B,508,4598,45,6134,2,5995,904,81
5,2022-01-22,Fred Jenkins,Party A,4701,1918,44,3902,45,1376,332,0
855,2022-06-20,Melissa Hill,Independent,2276,4304,42,1134,84,6125,136,63
399,2022-01-25,Casey Hill,Party B,6857,2437,71,9193,78,3814,789,48
995,2022-01-21,David Johnson,Party B,3431,4041,97,8597,40,9180,624,79
240,2020-05-03,Joseph Hernandez,Independent,7168,2846,68,9497,39,8207,565,36
681,2020-02-05,Ryan Hoffman,Party A,2300,2826,83,8359,76,6450,272,52
496,2020-03-04,Olivia James,Independent,6539,3708,71,673,68,3388,500,89
388,2022-03-26,Leslie Smith,Party B,8002,9923,54,3787,76,4597,710,30
751,2022-09-14,Julie Burgess,Party B,7276,7716,58,5763,34,8513,81,66
915,2023-05-01,Christine Pruitt,Party A,5567,1524,90,9568,79,8783,289,96
175,2020-07-17,Donald Terry,Party B,4026,5735,93,5292,83,341,796,43
740,2022-11-23,Daniel Johnson,Party B,9073,4387,13,967,71,1620,163,30
424,2020-03-30,Thomas Smith,Independent,8388,8720,81,3031,35,1456,661,13
333,2024-05-05,Chelsea Burns,Party A,3477,2336,39,3486,32,3146,806,58
546,2022-03-21,Kenneth Zavala,Party B,5610,4313,93,7923,77,7675,567,38
228,2021-02-16,Amanda Krause,Independent,8275,2131,90,3193,85,1616,317,91
252,2021-07-17,John Stout,Party B,431,8896,40,3157,99,2813,664,56
273,2022-03-11,Mrs. Connie Smith,Independent,1579,3126,66,4522,81,1513,671,99
862,2023-04-16,Susan Hall,Independent,6693,4266,92,9161,26,8283,99,49
583,2021-09-22,Michele Jackson,Independent,7062,3066,25,7667,81,446,552,83
435,2020-12-10,Joshua Mueller,Party A,1735,982,91,1644,3,4666,249,65
196,2020-04-19,Jacob Johnson,Party B,896,877,85,3724,24,2728,595,49
794,2023-07-06,Randy Guerra,Party B,4951,3472,81,3791,54,3141,564,8
636,2023-11-12,Amy Shelton,Party A,9544,4679,4,9605,81,6579,743,18
183,2023-11-20,Julie Navarro,Party A,623,3600,46,2838,61,691,861,37
241,2020-07-18,Kimberly Orozco,Party B,9084,390,33,3534,49,5034,526,58
392,2023-01-19,Jamie James,Independent,4295,3059,34,1529,56,1445,959,76
679,2024-04-14,Mark Stevenson,Party A,4278,4119,15,8899,24,4497,283,94
523,2023-10-19,Michelle Lynch,Party A,6868,6507,24,8563,7,9207,330,50
833,2024-01-18,Andrew Taylor,Party B,3977,1478,42,9870,55,959,501,6
739,2022-12-06,Lauren Hernandez,Party A,4285,1151,7,3563,33,1487,261,44
517,2021-04-02,Haley George,Party A,7915,2865,80,4524,29,9238,522,11
817,2021-10-08,Isabella Brown,Party B,5505,3034,94,2575,16,1763,660,17
582,2024-05-05,Anna Campbell,Party B,8088,1294,16,128,56,4243,574,1
96,2020-01-15,Justin Marshall,Party B,9903,5920,47,592,83,7579,390,95
166,2023-05-22,Rick Haley,Party B,6659,1083,38,4171,50,2517,781,56
629,2022-06-11,Jessica Watts,Party A,7824,8483,86,7900,86,1432,142,39
705,2024-05-19,Victoria Holloway,Party B,6004,8659,43,9388,46,9733,29,9
998,2023-10-01,Samuel Rosales,Party A,1616,7891,98,6846,23,8539,571,48
26,2021-09-14,Rick Davis,Independent,1343,4090,7,986,5,8809,132,51
908,2020-05-07,Amber Brown,Party B,7498,5593,38,4065,22,5798,941,82
688,2022-11-22,Jessica Fleming,Independent,9720,2604,73,9586,1,6596,322,96
703,2021-07-20,Ms. Adrienne Nelson,Independent,8963,740,85,1843,33,1172,373,41
369,2020-03-12,Juan Howard,Party A,6465,9570,44,1329,92,679,507,62
578,2020-05-18,Jennifer Jones,Party B,8786,5599,0,4760,21,9731,486,47
505,2020-03-16,Brandon Lee,Independent,1873,7112,92,9446,25,2618,95,0
954,2022-05-03,Kevin Morris,Independent,4495,6403,73,8858,38,226,250,40
256,2023-01-16,Brittany Miller,Independent,966,5363,46,7101,71,186,263,26
289,2021-08-02,Hannah Hardin,Party A,6436,2922,45,6705,79,1850,548,94
284,2022-02-07,Kimberly Wyatt,Independent,8721,6472,9,202,2,3992,905,40
257,2021-12-08,Rose Johnson,Party B,4761,2500,32,5780,89,5698,358,40
103,2020-04-26,Michelle Lewis,Party B,2122,119,58,6492,90,5074,759,20
930,2022-05-02,Gregory Thomas,Party A,1636,6529,88,9978,56,2151,403,28
195,2022-02-09,Hannah Lewis,Party A,3816,5265,36,3420,95,1778,334,26
927,2023-12-10,Kara Jones,Party B,1447,2822,31,6480,59,7928,461,61
170,2023-10-12,Allen Gibbs,Independent,1330,5092,63,7533,14,2369,441,32
58,2020-11-11,Katherine Sherman,Party B,7684,880,59,1477,3,2399,952,19
307,2020-06-17,Melissa Moore,Party A,9496,1098,97,941,27,6067,175,30
953,2021-08-09,Patricia Benton,Party A,795,9542,78,9136,3,8909,221,2
947,2022-08-03,Karen Schwartz DVM,Party A,392,5828,19,3944,29,8609,919,13
984,2022-07-24,Rebecca Castillo,Party B,4741,2467,76,7520,33,3579,326,70
674,2021-05-29,Michael Wilkins,Party B,5445,5953,81,4361,36,3479,65,61
182,2023-02-25,Cynthia Parker,Party B,7681,4899,86,1776,2,3535,655,77
415,2023-03-28,Samantha Maxwell,Independent,9585,9232,92,4653,19,520,986,73
903,2023-08-15,Theresa Lopez,Party A,4201,950,1,1085,10,8510,790,99
659,2022-07-27,Rhonda Williams,Independent,9366,9171,48,4625,71,294,812,57
7,2021-07-01,Jason Stone,Party A,6529,991,67,3492,98,8249,95,35
95,2022-01-10,Bradley Horn,Party B,2627,9014,42,769,18,9948,843,93
923,2023-09-22,Jeffrey Harris,Party B,3447,7096,97,9449,7,2392,496,71
756,2020-05-13,Jeffrey Bennett,Party A,5085,5183,38,7600,69,4444,582,36
267,2020-03-06,Deborah Hall MD,Party B,2046,872,42,4416,92,3504,231,31
635,2022-03-05,William Smith,Independent,3548,4466,34,361,91,6658,630,60
421,2022-05-21,Kylie Costa,Party A,58,403,41,3103,37,1760,160,22
204,2023-05-17,Jennifer Flores,Independent,9452,9678,24,4350,2,7612,326,25
869,2020-01-03,Casey Freeman,Independent,4403,7405,42,2276,82,5630,907,23
464,2023-01-15,Madison Everett,Party B,2453,6325,89,228,44,6732,218,9
553,2023-06-02,Carolyn Miller,Independent,5603,9337,33,9826,70,3632,922,87
946,2024-02-12,Linda Chan,Independent,5470,809,39,709,36,4268,770,7
306,2022-06-30,Jose Taylor,Party A,3997,6689,2,1734,37,6467,336,38
895,2023-08-20,Kevin Becker,Party A,3635,2070,0,5166,97,7565,87,45
361,2021-05-02,Karen Ellis,Party A,7242,4119,94,2700,9,1980,113,53
925,2022-07-14,Michael Caldwell,Party A,9009,319,42,9518,6,6791,853,76
829,2020-04-08,Dustin Horton,Independent,2832,7024,28,7480,99,4142,841,41
109,2024-04-04,Amanda Harris,Party B,1611,7132,34,1959,66,6485,450,47
278,2023-03-06,Kathleen Nunez,Independent,2208,1211,48,2745,43,1498,287,90
118,2024-02-16,Tricia Cunningham,Party A,7520,7136,14,5543,43,7365,213,53
913,2022-08-04,Laura Chambers,Party A,1017,5656,87,6761,41,9614,266,31
255,2020-05-19,Stephanie Villa PhD,Independent,3706,2345,83,2509,44,7575,759,23
863,2024-02-14,Dr. Cody Patterson,Independent,8830,4471,87,5721,61,410,616,73
958,2020-09-04,Steven Smith,Party B,7121,7211,38,7641,22,3490,654,12
268,2022-01-10,Sara Romero,Independent,9034,2843,31,5472,8,222,254,32
461,2024-02-22,Jennifer Lewis,Party B,4220,2055,18,841,76,7761,428,98
98,2022-02-15,Kathleen Ritter,Independent,7931,5819,77,3660,11,4642,933,95
19,2023-01-12,Susan Andrews,Party A,8103,8841,61,257,49,6104,505,54
843,2023-12-11,Randy Boyer,Party B,4183,1423,10,9523,98,2850,595,36
988,2021-09-16,Paul Anderson,Party A,7790,3542,37,5718,45,728,401,80
232,2024-01-01,Theresa Orr,Party B,2809,4781,54,946,56,7735,535,68
159,2021-05-29,James Leon,Independent,2411,1264,97,9158,93,1723,158,89
358,2022-07-17,Joshua Gardner,Independent,6790,1461,23,107,71,4621,981,78
806,2020-09-11,Gabriel Cruz,Independent,6511,6865,3,5809,70,1990,634,79
497,2023-05-01,Valerie Ochoa,Party B,3733,9659,41,1945,58,2943,711,91
555,2023-02-08,John Lynch,Party A,908,2042,79,3910,90,1533,161,36
48,2021-08-02,Joseph Rice,Party A,6391,3512,63,4261,45,768,377,67
963,2021-12-26,David Garcia,Independent,9620,8979,7,7936,52,1452,138,80
429,2023-11-27,Stephanie Jordan,Party A,1121,9461,58,1517,34,5043,748,67
858,2022-05-02,Bradley Sanchez,Party B,8270,3059,10,8859,55,5656,644,7
466,2021-05-03,Jessica Melton,Party A,3149,3303,79,2566,54,4615,262,53
110,2021-07-14,Hannah Dennis,Party A,1620,1095,95,6232,24,1822,297,84
279,2021-11-23,Dr. Caitlin Johnson,Party A,8884,8259,1,1630,21,6293,129,55
664,2021-09-26,Carol Jones,Party A,2324,3231,75,9455,7,8211,556,36
778,2020-05-31,William Crawford,Party A,9260,6131,67,3812,55,3492,446,34
538,2021-04-29,Yvette Morales,Party A,1073,9072,98,2965,38,4235,458,52
865,2023-08-06,Tonya Taylor,Independent,4697,1928,23,9246,72,4943,407,81
352,2020-04-29,Guy Green,Independent,7144,1503,21,5339,90,937,865,83
557,2021-11-04,Andrew Barr,Party B,9417,8242,5,8532,72,6404,952,99
471,2022-09-08,Brenda Hernandez,Independent,7331,8052,50,3975,35,4537,210,10
852,2023-11-28,Cory Hampton,Party B,4427,6865,54,8669,49,8186,906,7
340,2023-11-19,David Ford,Party A,5751,2203,96,7843,79,7912,751,97
680,2023-01-17,Heidi Stevenson,Party A,4822,8837,3,1918,0,9463,727,6
38,2024-03-26,Joshua Wheeler,Independent,2200,8833,34,4744,31,6630,838,22
780,2022-04-09,Teresa White,Independent,1272,4969,5,5749,58,5385,390,83
391,2023-04-03,Joshua Smith,Party A,6531,8644,0,5218,11,5943,776,51
356,2020-09-18,Ross Branch,Party A,7969,1672,46,3929,28,679,871,4
29,2021-01-31,Patty Jackson,Party B,3700,5459,30,8455,49,625,649,40
292,2021-05-17,Tony Williams,Independent,5922,7674,43,4677,86,6162,498,5
611,2020-09-19,Nicole Poole,Party B,9455,1694,94,3087,10,3249,914,23
973,2023-08-20,Michele Sanchez,Party A,8260,515,87,5118,36,5297,318,12
114,2023-07-25,Mark Wright,Party A,646,4081,53,665,84,4999,365,51
135,2023-07-20,Andrew Jackson,Party B,1189,531,70,9825,40,8184,875,87
580,2023-10-27,Carolyn Mason,Party A,5117,6556,70,3539,42,758,354,85
907,2020-06-30,Taylor Morgan,Party A,1612,761,93,1177,27,9309,719,46
323,2023-06-17,Brian Bonilla,Party A,1608,5331,37,4363,88,8925,769,8
411,2021-04-05,Lori Williams,Party A,4244,6974,62,9952,90,1606,150,94
355,2022-10-18,Susan Cook,Independent,7472,2066,74,6108,56,206,621,18
912,2020-01-07,Taylor Munoz,Party B,8107,3912,71,1373,55,3524,620,21
54,2020-01-19,Ronald Gallegos,Party A,2883,4279,22,7994,18,9312,269,48
603,2023-02-23,Thomas Smith,Party B,3126,9019,81,7140,44,5139,804,39
113,2020-03-23,Zachary Cummings,Party A,6129,4267,99,2590,83,9416,693,4
225,2022-06-16,Amber Alexander,Independent,6801,9232,31,1037,92,9925,212,14
524,2022-11-03,Erin Jones,Party A,3043,7558,37,8505,96,2097,573,6
164,2020-03-12,Andrea Cantu,Party A,6967,9846,15,7377,99,391,870,79
861,2023-07-26,John Harris,Party B,8719,2826,92,9864,35,1455,886,28
738,2021-12-22,John Garcia,Independent,7860,3615,38,4473,41,3876,585,12
234,2023-10-27,Joseph Scott,Independent,6443,4313,84,9143,97,2636,497,35
304,2024-01-13,Chad Rivera,Party B,1810,8184,44,6625,97,8585,947,31
308,2021-05-15,Kristin Petty,Party A,819,9120,20,9262,36,4084,581,78
644,2022-01-31,Jessica Watts,Party B,3835,2750,8,9571,62,4411,225,72
882,2021-10-31,Mary Alexander,Party B,5927,2188,58,9497,73,381,17,65
617,2022-10-14,Brian Garcia,Independent,1236,2015,92,9553,83,3382,235,81
539,2021-05-19,Kayla Hall,Party A,1354,2384,93,9968,87,5879,760,62
945,2023-06-27,Andrew Garcia,Independent,1891,220,56,1007,67,7324,50,72
699,2020-06-11,Henry Mclaughlin,Party B,9815,7639,82,8237,39,7111,587,47
561,2023-08-24,Zachary Coleman,Independent,1411,5477,78,402,62,5393,564,50
500,2021-08-02,Jason Snyder,Party B,4544,5765,84,5099,95,7909,385,30
875,2021-10-13,Julie Martinez,Party B,4444,6631,82,561,11,1835,404,74
420,2021-08-04,Bailey Cole,Independent,9096,7508,15,7771,45,8699,737,6
990,2023-07-16,Sandra Wilkinson,Party B,3048,8228,90,3021,6,2029,633,70
169,2021-12-12,Melissa Hamilton,Party B,3652,4455,39,849,87,9765,818,14
634,2022-09-11,Robert Thornton,Party A,1697,374,86,745,59,7313,130,85
781,2023-02-03,Jamie Lam,Party B,8389,421,65,257,78,8354,285,10
168,2021-01-16,Mary Marshall,Party B,6766,6270,7,8351,92,4339,141,41
985,2024-05-18,Angela Hahn,Party B,9554,9494,60,3883,83,1257,443,70
773,2023-07-06,Rebecca Jones,Party B,6192,8300,27,1812,36,537,535,99
205,2020-07-24,Raymond Rogers,Independent,8813,9495,29,6089,11,4537,73,50
759,2021-01-24,Joanna Reid,Independent,5882,9325,43,8923,20,8126,16,1
430,2020-08-19,Adam Fletcher,Party A,7338,7329,36,9160,31,9661,728,46
89,2021-09-12,Arthur Leblanc,Independent,9209,8671,84,915,16,2,736,61
295,2021-10-30,Debbie Carter,Party B,7143,1984,83,6546,22,2127,431,65
842,2022-11-10,David Tucker,Independent,4090,9998,74,1701,55,198,524,50
325,2022-08-02,Cynthia Hicks DDS,Independent,4291,7749,85,4491,90,6676,889,65
792,2022-11-30,Larry King,Party B,406,8649,54,1382,86,7238,544,42
981,2020-08-05,Corey Roth,Party A,3133,5779,6,1603,48,3167,965,17
233,2021-06-15,Jared Wagner,Independent,7661,5042,23,630,6,7248,444,17
712,2023-08-21,Melinda Valdez,Party B,8332,30,58,6718,41,5571,38,75
518,2024-02-22,Lisa Jenkins,Independent,2976,2658,38,3850,88,6156,763,60
177,2023-09-19,Mrs. Regina Carter PhD,Independent,5251,6200,24,8318,18,9131,524,53
476,2023-05-11,William Fitzgerald,Party A,5788,5977,94,1481,71,7809,909,99
696,2022-03-12,Robert Young,Party B,1269,3543,9,4159,50,9543,640,47
463,2022-02-01,Jenna Reid,Independent,1512,4465,6,1642,12,7980,956,27
673,2020-09-12,Kristen Johnson,Independent,6258,7934,68,4612,68,2676,876,41
627,2023-01-13,Amy Diaz,Party A,2636,7298,60,4029,4,7035,747,86
417,2020-09-18,Jason Wright,Independent,9701,6159,84,7218,68,6571,184,58
910,2020-04-04,Aaron Olson,Party B,2609,6139,63,6598,9,8497,162,81
684,2020-04-14,Kathleen Brown,Party A,3991,9220,83,5491,7,4662,451,74
864,2021-12-12,Monica Watkins,Party A,9817,5785,65,9661,19,2045,671,59
585,2020-05-20,Patrick Sanchez,Independent,1120,4484,17,2526,81,7586,48,24
375,2020-02-24,Martin Ruiz,Independent,814,9665,97,1694,95,4328,874,41
576,2024-02-06,Catherine Bowers,Party B,2515,7292,13,9633,84,6188,771,10
812,2021-07-20,Patrick Spencer,Party A,7190,1859,80,5761,67,5791,672,15
601,2022-07-12,Erica Johnson,Party B,4036,1514,17,9101,89,6233,639,80
663,2022-10-04,Lisa Reyes,Party B,8549,3242,41,2206,57,5551,723,42
537,2022-09-12,Luis Martinez,Party A,6998,2175,68,4004,48,1630,738,38
428,2020-07-22,Hannah Conner,Independent,3068,3678,51,400,64,7621,883,19
245,2024-05-03,Karen Anderson,Independent,7848,2766,40,4439,34,5219,106,81
787,2022-01-31,Melissa Garcia,Party B,9157,1873,89,6596,33,3770,967,1
100,2021-11-21,Nancy Hansen,Party B,262,2999,21,6657,20,1478,26,3
881,2022-06-20,Cynthia Smith,Party A,3454,3882,12,9468,52,7466,125,87
593,2020-03-23,Lisa Hudson,Party B,3500,2874,82,4298,70,9607,49,29
559,2021-10-18,Peter Jackson,Party A,8833,4263,53,9365,56,2792,817,92
296,2020-07-13,Jason Ward,Party B,3073,140,35,6076,38,7250,64,0
823,2022-03-29,Chris Clark,Party B,6715,7166,18,1160,84,3556,821,77
569,2022-04-04,Robin Cox,Party A,5637,4365,61,1125,55,6410,305,61
68,2024-01-10,Theresa Shaffer,Party B,1850,1536,50,58,47,1655,100,83
440,2020-10-10,Pamela Sims,Independent,5236,3008,89,6491,86,8527,817,22
312,2022-04-04,Sarah Duncan,Party A,9577,4654,16,6731,21,6220,964,50
726,2020-10-01,Jason Hopkins,Party B,3159,615,80,4091,39,9904,216,50
437,2023-03-06,Catherine Bennett,Party B,3878,3554,21,6655,59,4691,751,93
147,2024-03-10,Lindsey Welch,Independent,5753,4444,42,381,55,2817,870,20
694,2020-08-05,Christy Roberts,Independent,8698,696,26,9878,41,8261,895,40
193,2022-09-07,Renee Palmer,Party B,8808,904,2,302,91,3023,483,35
645,2023-12-12,Daniel Lin,Party A,562,1676,25,9206,76,3534,129,53
102,2023-04-09,John Barry,Party B,7884,6420,72,9601,69,132,263,77
223,2021-03-05,Norman Rubio,Party A,7834,2032,20,8009,46,4545,973,28
227,2020-12-03,Robert Schneider,Party A,6341,5722,57,2073,27,721,29,33
489,2023-11-20,Maria Woodward,Party A,4718,7900,51,6493,90,9554,86,2
889,2023-03-23,Brenda Bowman,Independent,9715,9753,95,5147,33,5437,830,64
541,2021-11-09,Keith Paul,Independent,1946,1440,6,5399,74,9388,291,95
468,2021-03-16,Kimberly Martinez,Party A,6194,3179,43,6822,6,8787,778,60
921,2020-09-12,Rachel Harrison,Party A,3331,949,4,9437,18,1257,684,75
403,2023-08-11,Christian Sandoval,Independent,2784,2499,71,6723,52,9801,918,52
63,2020-06-19,Karen Ramirez,Party B,8877,4033,32,7535,50,7743,304,56
127,2022-05-24,Billy Howard,Party A,3537,1604,17,8506,59,5835,644,43
70,2024-01-20,Ashley Clarke,Independent,3236,8753,42,7779,4,2256,171,35
700,2022-12-17,Hunter Morris,Party A,6470,1461,75,9873,91,8936,996,87
618,2022-11-19,Paul Lowe,Party A,6658,7218,9,1715,30,576,782,19
527,2022-04-20,Heather Hebert,Party B,6976,1147,86,9220,84,1416,296,81
512,2023-08-17,David Johnson,Party A,7985,3677,22,5081,39,1588,622,19
716,2023-03-24,Katherine Rios,Party A,5731,5616,57,3149,72,7601,997,56
893,2024-01-13,Robert Kim,Party A,5925,230,53,1522,47,7075,589,26
991,2021-11-04,Amy Vang,Party B,3940,4331,81,2820,54,8125,366,81
722,2022-03-19,Robert Perez,Party B,9152,8189,28,9941,85,35,155,60
366,2020-07-07,Carol Gilbert,Party A,1897,8788,74,2078,42,1918,399,7
872,2020-11-29,Angelica Ross,Party A,4248,3940,63,3718,34,2385,327,83
993,2020-09-26,William Carter,Party A,6840,6715,90,9604,94,1028,719,12
686,2022-03-23,Anne Cameron,Party B,8740,5432,78,6734,10,5657,582,44
381,2020-06-14,Thomas Wells,Party B,7555,2489,39,3668,53,62,738,52
291,2022-09-17,Brandy Walker,Party B,7593,8249,59,1474,99,135,248,84
784,2020-07-01,Alexa Ingram,Party B,446,7682,60,8406,1,2368,565,88
386,2020-02-24,Leah Wheeler,Party B,7088,1759,75,639,31,1563,706,69
357,2021-01-26,Stephen Cabrera,Independent,7555,6192,93,7147,41,2603,94,63
938,2021-06-05,Steven Pierce,Party A,7003,8975,53,7406,60,9439,805,26
944,2020-09-18,Ernest White,Party A,5713,767,39,4123,90,5819,696,41
173,2021-09-21,Frances Contreras,Party B,1503,858,2,5527,84,9425,753,21
132,2023-11-29,Ronald Lawson,Party B,3371,3902,92,5284,41,8681,592,59
83,2021-06-19,Jordan Davis,Party A,7195,2337,37,5206,74,8162,681,58
560,2020-04-21,Jennifer Hughes,Party A,7997,8294,82,7890,75,9020,130,21
762,2020-01-03,Megan Copeland,Party A,260,9613,70,7507,19,528,230,50
631,2020-10-25,Kayla Herrera,Party A,5688,7317,62,7070,10,7234,531,63
535,2023-04-17,Kyle Santiago,Independent,5094,4027,3,7869,79,3707,242,35
968,2020-03-02,Heather Lozano,Party A,6492,6482,87,6990,83,4635,583,54
260,2022-04-01,Andre Sparks,Party B,5623,5017,5,5391,81,4859,782,80
150,2024-01-16,Michael Martin,Party A,9884,6891,83,4281,44,2220,470,27
969,2022-01-28,Benjamin Myers,Independent,6134,8665,19,4921,9,8706,565,93
975,2020-10-08,Lisa Brown,Party B,5281,318,82,2962,24,6440,197,13
101,2022-01-10,Rachel Sloan,Independent,1220,4343,98,6284,73,6948,593,22
478,2020-05-12,Melissa Hill,Party B,2137,6120,78,4445,33,9206,793,77
154,2020-06-03,Sara Patton,Party A,8925,6819,22,8831,94,7660,942,62
737,2020-12-04,Andrew Rodriguez,Party B,803,8592,18,1095,4,7195,19,35
243,2020-09-26,Vanessa Skinner,Party B,8352,7724,27,5148,37,1710,388,51
813,2023-06-02,Stephen Rodriguez,Independent,5221,213,47,9351,97,3751,54,41
581,2023-05-10,Brenda Fletcher,Party B,9662,697,32,1709,95,4793,545,14
151,2023-07-25,Joshua Garcia,Independent,458,7729,18,4138,6,6853,806,95
216,2023-11-22,Mario Brown,Party A,8237,5514,4,7637,54,4858,658,7
942,2022-06-17,Anthony Larsen,Party B,4427,7507,70,4631,61,2513,297,26
763,2024-04-13,Melanie Miller,Party A,8327,1294,39,3642,29,3023,698,0
334,2024-04-03,Kristin Weiss,Party B,2938,7187,99,2592,19,8577,964,79
439,2021-07-08,William Khan,Independent,9788,9986,79,1633,7,6980,523,6
849,2024-03-18,Taylor Huber,Party B,116,3422,26,6138,52,3381,994,39
657,2021-01-17,Jessica Williams,Party B,6329,2741,70,2923,91,7688,80,20
315,2020-02-07,Jose Taylor,Party B,4670,3255,8,1737,25,3698,954,5
502,2022-08-10,Amanda Mayer,Independent,1501,9852,17,7887,67,1857,648,56
23,2024-05-20,Joshua Elliott,Party B,6107,4255,49,9451,26,3336,799,75
190,2022-08-18,Mitchell Kirby,Party A,274,3415,59,3959,83,1592,177,3
649,2020-10-15,Mr. Christopher Hansen DDS,Independent,2610,8090,84,7323,27,5728,916,25
835,2020-05-28,Shannon Allison,Independent,4118,2616,83,9150,66,6055,3,77
203,2022-06-28,Jonathon Shaffer,Party B,4955,9333,2,9694,20,6,889,3
730,2022-08-03,Lisa Miller,Party A,5718,538,91,7717,93,6293,31,17
394,2020-02-25,Melissa Lucas,Party A,2137,9426,87,259,79,1382,14,71
116,2022-01-05,Ashley Miles,Independent,3576,5094,95,6461,73,21,883,85
901,2023-03-03,Kevin Howell,Party B,4556,5612,22,3382,71,8308,283,6
218,2023-09-03,Scott Kelley,Party B,35,4728,20,6267,12,3508,519,52
768,2022-06-04,Leah Hernandez,Independent,8488,6512,3,8925,77,2671,690,26
185,2023-11-16,Thomas Reyes,Party B,5932,6596,24,7009,52,1828,693,86
317,2022-11-06,Alyssa Abbott,Independent,4672,7124,75,3732,99,7645,503,15
713,2021-12-17,Samuel Cruz,Independent,1103,1394,39,1509,38,263,958,74
526,2020-05-03,Daniel Rios,Party B,4647,1836,54,2896,72,8163,544,11
757,2023-07-25,Gloria Davidson,Party B,1063,6736,76,9603,81,9578,767,30
791,2023-05-20,Mr. Joe Christensen,Party B,8819,4629,59,9449,47,3244,848,31
11,2020-09-06,Joseph Clark,Party B,4672,2402,62,4602,85,8051,472,8
487,2020-12-14,Olivia Christensen,Independent,8106,5039,16,9649,60,3109,797,72
275,2022-08-07,Joshua May,Independent,3879,3440,53,9617,98,2188,527,21
619,2021-01-14,Joshua Carter,Independent,7614,299,99,9797,59,2392,628,39
960,2023-04-13,Jessica Wells,Party A,5806,5007,84,9203,81,5817,411,56
836,2024-01-20,Samantha Wright,Party B,5227,1087,37,5715,0,3158,360,70
777,2022-08-17,Lisa Yates,Independent,9492,9762,30,7093,28,4694,567,73
977,2020-11-01,James Stewart,Party B,8690,4327,85,1067,99,4724,140,91
753,2022-05-09,Madeline Castillo,Party A,6227,5611,88,1414,99,252,754,31
372,2023-04-22,Michelle Stewart,Party A,471,6384,36,3334,74,7002,791,93
595,2022-07-23,Sarah Edwards,Party A,8504,369,52,5329,9,1565,962,40
785,2020-11-21,Richard Patel,Party B,8018,7024,70,6308,42,3318,951,45
827,2023-09-19,Michael Herman,Party A,4824,6083,47,4652,15,48,577,67
128,2021-04-09,Cheryl Freeman,Party B,3951,5271,21,5131,59,7498,489,33
769,2020-03-20,Donna Shaw,Independent,2376,7948,0,1168,75,731,925,63
966,2022-12-18,Traci Chan,Party A,5817,7553,34,1599,45,4177,415,97
676,2021-03-17,Katie Scott,Independent,2946,6609,94,540,10,8716,602,40
811,2024-01-05,Laurie Miller,Party A,5102,4938,63,5441,3,1697,197,39
653,2020-10-19,Jennifer Alvarez,Party A,6906,3837,22,1989,12,3653,651,65
867,2020-09-15,Micheal Huber,Party B,4035,5574,23,3193,68,3017,737,59
338,2022-05-08,Steven Berry,Independent,215,716,59,3338,89,4675,153,66
320,2021-04-21,Dr. Heather Lester DDS,Independent,6122,8500,5,6792,15,9388,336,72
909,2024-02-01,John Massey,Party B,7055,5226,19,8971,32,6217,883,45
800,2021-09-25,Cheryl Perez,Independent,4496,1216,92,6648,40,7754,830,31
744,2023-04-11,Jonathan Martin,Party B,6087,519,67,2005,10,3303,963,68
457,2021-06-07,Eric Stewart,Party A,209,201,70,5306,80,3800,288,42
992,2023-03-07,Meghan Crosby,Party A,2540,2254,33,1256,75,3622,672,38
956,2021-10-22,Morgan Gonzalez,Party B,8674,7704,33,4619,76,61,176,10
349,2023-03-17,John Campos,Party B,547,9804,29,9834,1,5581,413,4
453,2022-04-10,Teresa Tate,Independent,6939,9675,75,7457,23,1264,597,98
179,2021-07-01,Kimberly Williams,Independent,385,981,86,2993,46,4624,278,83
41,2023-07-28,John Smith,Party B,6665,1791,3,967,40,9917,485,41
564,2022-01-16,Tonya Graves,Party A,4726,5291,79,4833,6,458,93,25
562,2021-10-15,Brittany Brown,Independent,1008,3885,91,6568,72,185,10,57
498,2021-03-21,Corey Schwartz,Party B,6666,9328,29,5168,35,2513,861,32
161,2021-01-08,Daniel Hurley,Independent,9120,773,31,9301,26,5133,792,37
986,2022-05-29,William Sandoval,Party A,9940,687,49,2325,10,4482,753,50
34,2020-05-26,Joseph Montgomery,Independent,4150,7229,32,7262,30,8360,804,12
389,2023-02-28,Leah James,Independent,2053,7358,96,8610,5,4295,519,82
563,2020-03-09,John Morales,Party B,6243,6628,25,9286,98,1423,32,8
597,2024-05-17,Kristen Walker,Party A,6158,2544,19,8692,38,9320,482,36
80,2022-07-31,Stephanie Mills,Party B,7661,3994,94,5497,22,4700,388,81
25,2021-08-20,Dawn Kirk,Independent,7326,6386,1,8820,44,2159,512,10
244,2022-11-07,Melissa Ortiz,Independent,5298,1039,10,6985,41,7197,976,25
189,2023-09-24,Dr. Anthony Velazquez,Party B,2658,8357,42,1422,49,2895,639,0
215,2020-09-11,Jerry Taylor,Independent,3355,3717,24,2020,75,6935,862,64
715,2022-02-16,John Brown,Independent,5754,1929,46,1556,52,1418,990,74
936,2024-02-15,Scott Franco,Party A,1880,6382,43,6789,59,5470,298,33
845,2020-02-09,Debra Knight,Party B,4059,7626,74,1558,50,6406,401,87
720,2022-04-09,Kaylee Rodriguez,Party B,4956,8790,2,6082,23,1395,910,88
748,2021-09-10,Bonnie Harper,Party B,2730,4628,12,2621,95,662,870,77
21,2023-05-24,Elizabeth Mullins,Party A,3166,6320,24,4923,58,8086,252,84
838,2022-06-13,Joshua Liu,Party A,7134,2955,60,4882,39,1780,709,7
983,2022-12-19,Rhonda Livingston,Party B,7428,1227,8,6560,27,1624,676,73
727,2021-09-20,Christopher Warner,Independent,2489,172,36,7425,16,6816,10,10
971,2022-08-02,Patricia Walker,Independent,4246,877,88,6154,11,7770,170,81
955,2020-01-15,Margaret Ross,Party A,5906,4118,80,2340,30,2964,242,92
342,2022-08-13,Jamie Smith,Party A,2489,8542,67,8168,80,76,691,14
586,2024-04-14,Deborah Torres,Party B,8485,1410,30,7637,4,130,509,97
347,2020-01-12,Justin Bishop,Party A,6871,2350,78,874,54,6001,476,74
74,2023-07-21,Amy Wagner,Party B,6567,6491,5,4919,67,8963,176,1
107,2021-08-11,Megan Owens,Party A,6587,6382,39,6586,8,9774,398,43
752,2020-03-19,Kimberly Howard,Independent,5950,1202,41,8523,94,7955,90,61
332,2024-05-20,Patrick Gibbs,Independent,3110,5876,10,9748,94,2968,738,25
465,2021-09-11,Alfred Cole,Independent,311,5685,39,4221,43,3585,504,46
138,2022-12-22,Michael Brooks,Independent,6664,1180,56,6953,97,1147,715,92
477,2020-01-19,Jennifer Ramos,Party B,6991,7795,43,4926,33,921,274,12
783,2021-10-02,Matthew James,Independent,5475,8395,64,1328,93,7107,561,26
682,2022-04-03,Michelle Carr,Independent,6726,6692,88,8245,79,4042,931,75
133,2023-02-09,Courtney Guerrero,Independent,3698,9643,15,788,18,2160,694,73
139,2022-08-27,Jennifer Williams,Party B,4263,4956,43,3218,33,4283,889,47
641,2022-06-29,Jennifer Walters,Independent,3573,4970,2,1601,98,5180,761,97
856,2021-03-28,Angela Dunn MD,Party A,2226,7035,97,2628,7,8649,207,69
184,2021-01-24,Selena Richmond,Party A,2767,1177,86,8990,6,1409,395,88
943,2020-06-29,William Ramirez,Independent,9223,5482,21,3067,28,6808,9,74
820,2022-10-21,Lori Johnson,Party A,885,860,44,2046,78,9870,820,60
363,2022-12-22,Matthew Cherry,Party A,6840,6229,32,4955,17,3100,959,20
528,2020-01-10,Daniel Clark,Party B,9419,5765,56,4249,49,9447,24,3
887,2022-02-27,John Gibson,Party B,851,8712,91,3289,66,9076,869,75
479,2020-12-06,Natalie Reilly,Party B,369,398,94,5207,16,2884,578,34
771,2022-06-20,Madison Hopkins,Independent,6124,8347,60,777,95,5884,795,17
922,2022-10-11,Mr. Todd Collins,Party A,1782,2294,7,203,8,8012,976,57
554,2023-06-05,Robert Jenkins,Party A,3734,9310,31,8947,57,6761,529,35
935,2023-04-09,Jonathan Humphrey,Independent,9032,3690,12,3904,80,3902,97,9
819,2021-11-04,Andrea Hansen,Independent,960,9747,51,1353,5,6456,314,48
600,2020-06-23,Jeffrey Waters,Party B,8230,9421,72,7368,1,9750,615,42
353,2020-06-29,Anita Williams,Party B,2492,1900,39,5460,63,6842,124,11
511,2021-06-05,Stephen Carrillo,Independent,5409,7752,3,8634,16,2784,181,47
706,2022-02-23,Gregory Moore,Party B,3396,2157,11,7401,7,7956,601,27
801,2020-12-30,Craig Scott,Independent,7117,5419,85,4330,71,3830,429,55
891,2021-09-15,Melissa Adkins,Independent,148,5806,66,4162,88,2176,345,42
724,2023-08-27,Greg Burke,Party B,3368,1687,66,568,73,3291,653,64
879,2020-03-13,Paul Watson,Independent,9632,91,81,5986,51,5118,239,57
620,2024-03-24,Christina Garcia,Independent,6504,4614,1,4577,30,9522,832,76
327,2022-04-08,Mary Wong,Party B,4078,6399,90,7066,34,3206,277,91
214,2021-12-01,Darrell Dixon,Party A,8286,3353,81,5499,13,8626,290,15
741,2022-11-06,Jesse Gonzalez,Party B,3706,2848,20,2501,92,2984,795,6
343,2021-10-16,Jacob Obrien,Party A,9377,8122,45,9687,94,7881,322,66
572,2023-11-25,Hannah Adams,Independent,9154,5452,83,2128,51,2851,842,18
192,2020-02-15,Joseph Smith,Party B,9551,2009,1,5452,87,6154,633,62
961,2022-11-13,Sandy Poole,Independent,9280,1636,98,4796,87,6099,450,9
281,2021-06-03,Christopher Lawrence,Independent,8605,5804,94,7790,28,1408,358,29
377,2021-10-07,Nathan Parker,Independent,6465,7181,62,1746,76,7739,427,41
789,2023-11-24,Clayton Williams,Party A,109,2886,8,901,60,606,657,42
540,2022-12-15,Alison Martin,Independent,4547,4505,74,9684,95,743,887,5
75,2022-10-20,Patrick Shaw,Party A,5200,9022,42,2881,60,505,677,40
704,2022-06-04,Thomas Erickson,Party B,499,8728,7,8871,31,4832,571,36
82,2020-10-15,David Gay,Independent,5090,8974,80,4821,23,9845,384,28
834,2024-03-11,Catherine Newton,Party A,1840,7667,37,7380,40,9539,548,54
840,2023-09-14,Christie Meyers,Party A,6496,4583,41,9542,37,343,834,18
622,2020-10-25,Courtney Rodriguez,Independent,3399,6807,51,2686,75,7331,960,87
111,2020-08-03,Julie Burns,Party B,3383,1035,75,1498,96,8093,592,15
425,2023-05-24,Kathryn Rodgers,Party B,421,8264,63,6746,49,2787,217,56
106,2023-03-30,Steve Hernandez,Independent,8429,4641,21,6834,19,3051,152,74
610,2020-03-19,John Spencer,Party B,4991,9139,28,1032,87,2909,534,85
286,2020-02-07,James Church,Party B,5805,250,72,2747,29,2053,839,2
698,2023-02-18,Tim Johnson,Party A,3917,3356,5,4246,70,1728,564,61
401,2020-07-14,John Arnold,Party A,4501,2925,54,9472,96,541,425,67
957,2020-06-02,Edward Bender,Party A,374,6592,90,3043,24,300,832,98
178,2023-03-08,Eric Haynes,Party A,2481,167,99,5123,72,3177,91,25
131,2020-10-29,Jessica Thompson,Party B,6149,2745,86,1713,48,1740,233,52
309,2020-03-07,Richard Robles,Independent,792,8202,20,6401,47,688,346,2
980,2021-08-11,Tracy Dodson,Party A,7592,8256,2,8164,7,6545,889,73
163,2024-02-27,Timothy Webb,Independent,5570,8268,32,7123,18,2457,393,34
542,2023-03-19,Lauren Taylor,Party B,2491,7824,40,463,90,9978,960,2
596,2021-11-17,Jesse Collins Jr.,Party A,4748,2370,48,483,75,6598,585,30
474,2021-11-20,Sheryl Washington,Party A,30,520,58,8501,14,1392,443,32
690,2021-10-29,Kimberly Clark,Party A,5258,7766,78,1431,50,227,576,95
558,2023-03-11,Carolyn Pearson,Party B,766,4924,86,901,32,5588,671,53
804,2020-03-08,Dawn Hodge,Party A,6858,3990,13,1711,14,631,414,98
480,2022-02-16,James Martin,Party B,4222,9850,86,3511,31,5709,854,85
876,2022-01-29,Robert Rivera,Independent,7274,5495,60,7829,20,4967,536,89
1,2020-02-22,Elizabeth Levy,Party B,9511,1468,56,5513,89,7332,852,96
121,2023-02-26,Nathan Nichols,Independent,5328,8376,65,6949,39,2405,206,72
31,2020-07-17,Tracey Cantu,Independent,7460,6239,87,4882,70,6587,242,93
766,2020-03-10,Susan Franco,Independent,7856,29,64,8139,20,6705,565,93
939,2023-07-18,Angela Huffman,Party A,3786,9024,44,967,58,3990,912,52
67,2022-12-06,Brittany Booth,Party B,8352,3240,87,2013,11,3580,367,41
165,2020-06-13,Rachel Herman,Party A,8903,1061,19,1359,24,3224,557,25
522,2020-05-23,Nicholas Cox,Party A,2015,159,71,5505,90,5481,487,71
368,2021-11-06,Andrea Stewart,Party A,6870,1545,13,9267,69,284,761,40
492,2022-05-17,Sheri Phillips,Independent,2322,8083,48,1653,69,6371,877,65
795,2021-06-18,Joshua Peters,Party B,7968,1442,64,9798,81,3047,63,88
452,2023-05-31,Nancy Trevino MD,Independent,5309,5977,59,3921,49,422,461,30
807,2021-10-01,Brian Newman DDS,Party B,523,7569,55,708,86,6258,324,3
485,2020-10-19,James Smith,Independent,1394,5696,55,2309,90,5343,275,6
337,2023-01-20,William Floyd,Independent,2356,7048,21,3002,79,8456,331,26
628,2020-04-12,Becky Campbell,Independent,1252,4112,54,7097,22,3361,340,9
624,2021-11-18,Travis Crane,Party B,8877,7235,32,8904,67,8366,373,69
6,2024-04-03,Christina Sharp,Party A,3997,1127,13,7272,74,1065,522,2
445,2022-11-08,Steven Tucker,Independent,3377,7355,48,7771,87,7156,373,20
733,2023-04-30,Monica Todd,Independent,3783,6777,27,4095,68,2993,488,61
436,2022-12-29,Eric Smith,Party B,797,8940,69,8631,42,5055,585,53
117,2022-06-26,Justin Hernandez,Independent,5280,2948,71,5814,25,4937,603,94
380,2022-03-06,Edward Davis,Party A,5398,965,89,3763,68,1402,878,1
287,2023-12-11,Hannah Lynn,Independent,433,7610,21,9051,34,6889,311,85
143,2020-01-13,Glenda Webb,Party A,1602,2859,34,3255,30,6959,226,69
271,2022-01-14,Stacey Mitchell,Party A,4325,5539,7,3609,51,1271,329,44
844,2021-03-19,Darlene Hays,Independent,395,4420,73,2159,2,9733,9,50
383,2020-09-02,Angela Rivera,Party B,3552,2143,53,9271,6,2489,116,37
525,2022-02-02,Robert Moore,Party B,2279,6563,33,6905,20,3973,155,75
253,2023-05-29,Ryan Sampson,Party A,7314,4148,76,9485,14,5419,616,52
547,2020-10-13,Alexander Lawson,Independent,8796,7802,51,6047,38,2240,644,69
162,2024-04-02,Stephanie Hutchinson,Independent,9342,6035,95,6848,74,4768,788,4
172,2023-10-14,Scott Smith,Party B,9965,5623,71,8681,44,8105,174,81
231,2021-12-01,Jeffrey Cox,Party B,2088,9279,43,1371,14,7222,136,52
181,2023-01-25,James Taylor,Independent,6853,3604,58,8896,8,7908,810,90
319,2021-06-28,Kerry Brown,Party A,6609,5562,75,7771,21,2160,236,66
571,2022-03-25,Stephanie Wright,Party B,3116,5236,58,5609,63,8630,942,2
508,2020-05-26,Amy Saunders,Party B,5527,7583,17,5776,43,4990,767,2
874,2024-04-16,Lauren Chapman,Party A,6661,2012,9,4191,56,7255,513,5
897,2022-07-07,Carol Johnston,Party B,2616,348,64,6332,60,9278,364,10
447,2023-10-31,Robert Williams,Independent,4283,9444,53,692,35,8897,49,34
409,2021-03-10,Emily Townsend,Independent,6702,6191,43,6413,12,7523,404,37
900,2022-10-12,Ashley Evans,Party B,8162,2928,78,3858,53,7881,246,56
888,2023-08-09,David Trevino,Party B,586,5655,63,6559,41,8524,251,19
776,2022-11-26,Susan Mcdonald,Party A,3121,5667,79,8615,19,9819,99,45
324,2024-01-12,James Moore,Independent,1651,8948,93,4298,91,104,987,23
841,2021-04-01,Katherine Hanson,Independent,5825,2927,70,1698,59,9885,303,84
66,2021-08-23,Ernest Forbes,Party A,6814,7268,3,970,74,1355,229,22
1000,2023-03-30,Patricia Garcia,Independent,9301,1321,9,3454,66,8117,559,44
313,2022-01-12,Sabrina Harris,Independent,7869,6915,80,7466,86,5754,392,24
534,2020-01-11,Valerie Reilly,Party A,8840,9878,48,9991,85,4489,658,96
384,2021-10-27,Amanda Wilson,Party A,5480,8477,15,3798,86,1845,394,13
668,2021-09-05,Jeffrey Todd,Independent,7757,7884,34,3829,13,375,457,10
924,2021-01-06,Thomas Smith,Party A,3506,1882,86,9862,92,7088,430,32
670,2024-04-16,Dawn Hughes,Independent,8520,8037,19,9456,29,2240,807,1
326,2020-07-02,Tiffany Rodriguez DVM,Party B,8842,279,99,7202,94,913,830,28
444,2020-09-21,Crystal Robinson,Party A,4154,2905,42,9716,84,9354,903,34
633,2023-04-15,Elizabeth Cook,Party B,3393,5150,55,976,80,7272,513,97
270,2020-10-05,Mr. Patrick Wilkins,Party B,3469,7526,87,3612,65,9597,429,95
283,2022-12-05,Amber Smith,Independent,6733,7514,68,3677,24,7079,232,97
482,2022-02-05,Katherine Ashley,Independent,9476,3605,80,81,50,4488,368,66
314,2022-10-14,Kelly Rodriguez,Party A,2700,7218,10,3203,51,4335,101,53
236,2022-09-17,Kevin Delgado,Party A,4676,3195,56,2358,90,8069,467,44
30,2023-01-18,Drew Sanchez,Party B,8702,4973,31,2168,64,2507,758,73
45,2021-05-25,Belinda Bowers PhD,Party B,9746,8755,88,517,96,9087,948,16
818,2023-01-28,Joseph Roman,Party B,4477,5720,55,5778,36,1511,156,79
396,2023-11-24,Mrs. Kathleen Williams,Party B,7432,8526,48,8364,12,3189,78,16
207,2021-06-19,Shawn Bryant,Independent,2303,4847,68,9269,97,5604,522,14
47,2020-10-22,Richard Ortega,Party B,3136,5105,20,2931,14,5838,38,19
880,2021-09-20,Xavier Hancock,Independent,449,3208,91,6656,82,356,163,58
824,2020-12-04,Matthew Haynes,Party B,8903,8512,49,6254,77,9354,30,28
949,2020-02-05,Samantha Simpson,Independent,5859,8263,83,3129,5,5610,116,83
79,2021-02-02,Taylor Lopez,Party B,7397,1587,0,4014,25,4690,618,1
514,2024-04-30,James Griffin,Party A,4627,1309,73,6816,39,7896,880,26
788,2023-07-27,Tammy May MD,Independent,2190,6129,81,5400,87,2442,534,88
249,2022-12-21,Lauren Peterson,Party B,3263,9905,23,8715,74,1119,436,13
285,2020-08-15,Tricia Ellison,Party A,6284,7796,7,6904,51,2859,340,57
321,2020-04-17,Sierra King,Party A,8586,9226,82,3475,51,3670,420,97
311,2024-02-11,Dawn Lewis,Party A,6835,194,51,1376,80,930,533,52
798,2020-09-06,Natalie Smith,Party B,5485,51,68,3189,32,142,934,56
158,2024-01-04,Joseph Snyder,Party A,2357,8671,16,4262,54,4921,497,81
866,2023-12-08,Todd Boone,Party A,5542,2467,7,6855,37,8890,932,87
793,2020-12-14,Ashley Warren,Independent,3020,4291,61,773,49,3653,680,14
884,2023-05-07,Alisha Smith,Party A,8182,5012,75,1055,86,6802,613,60
230,2023-09-18,Logan Reeves,Independent,5228,7217,2,3851,21,878,331,35
125,2022-08-12,Ronnie Todd,Party B,3901,9301,10,9339,41,5712,725,50
607,2024-01-22,Patrick Gross,Independent,1804,3744,64,3787,80,6663,375,58
73,2020-01-29,Linda Cooper,Party B,9133,8031,39,7809,37,6209,839,50
520,2020-05-14,Curtis Sanchez,Party A,4355,6292,12,2262,5,7031,768,20
809,2021-04-14,Robert Jenkins,Independent,7270,1587,87,1770,80,1566,422,24
24,2022-11-20,Crystal Robles,Party B,5545,3974,15,7449,77,6688,24,46
544,2022-05-06,William Downs,Party A,6036,7883,34,6345,38,4045,134,98
462,2020-04-29,Julie Rodriguez,Party B,9787,7081,45,5368,96,1485,221,69
669,2020-09-17,Tara Lee,Party B,862,9358,85,5910,67,2834,164,13
692,2022-09-14,Colton Wheeler,Party A,5314,1809,49,7178,51,9278,200,36
52,2020-03-21,Jeffrey King,Party B,9810,3321,18,8661,36,5155,202,21
651,2024-05-17,Christopher Boyd,Party A,5929,7297,46,870,63,2269,922,57
258,2020-05-17,Timothy Chambers,Independent,1828,8073,47,6043,72,3067,452,92
965,2021-09-19,Nicole Hughes,Party A,5846,3325,62,4972,35,6239,58,79
448,2023-06-03,Lynn Carpenter,Party A,6173,622,18,5161,33,4389,518,42
262,2021-09-23,Elizabeth Cunningham,Party A,3235,7009,88,9074,79,597,540,86
774,2023-04-07,Erin Lowe,Independent,2331,3381,46,396,43,2423,744,31
822,2023-05-21,Michael Rosario,Party B,7855,3695,49,2135,29,207,124,81
790,2020-01-23,Julie Ryan DDS,Independent,4273,381,62,1796,82,8373,462,77
423,2021-01-12,Amanda Williams,Party A,6405,3053,7,3306,34,9777,954,85
612,2023-07-18,Valerie Lowe,Party B,9644,1680,73,9373,9,1991,169,76
322,2022-11-01,Gary Willis,Independent,3586,347,40,4492,67,9175,96,84
929,2023-07-28,Danielle Andrews,Independent,2187,7706,83,307,35,6199,632,4
374,2023-05-25,Jonathan Chavez,Independent,8867,5319,41,1555,2,1459,369,99
655,2023-08-27,Jamie Porter,Party B,4570,1418,22,4374,44,9125,264,51
221,2024-03-08,Taylor Fletcher,Independent,795,5563,42,5530,2,1,261,74
155,2020-10-08,Lisa Rogers,Party B,4260,5359,4,3205,23,5785,891,99
242,2023-05-11,Robert Fischer,Independent,3948,3013,76,8158,64,258,945,86
914,2022-09-03,Mary Cohen,Independent,2601,1797,12,9082,86,3629,4,59
91,2021-02-21,Miss Patricia Mclaughlin,Party B,1611,7497,60,6114,62,1,489,73
88,2020-03-21,Lisa Choi,Independent,1073,4780,76,8971,1,9292,166,24
8,2021-10-08,Robert Heath,Independent,9186,4150,33,4782,38,3294,793,3
566,2023-12-27,Riley Campbell,Independent,7252,1221,75,4151,10,6716,503,97
515,2020-08-22,Gregory Osborn,Party A,5829,5362,26,1827,51,7516,82,4
683,2020-06-12,Keith Cannon,Party B,622,6300,32,4068,8,6399,716,30
551,2020-10-17,Mark Stafford,Party A,5544,4132,11,8477,31,9871,169,76
426,2021-11-06,Dr. Michael Martinez,Party B,5830,5568,21,6545,33,2299,171,12
702,2020-05-18,Alexandra Johnson,Party B,6245,6826,54,412,97,986,897,17
764,2021-04-21,Henry Olsen,Independent,4550,1413,54,3902,78,9287,215,65
796,2023-03-16,Christine Johnson,Party A,8861,2347,40,4043,99,4287,276,76
767,2020-11-16,Aaron White,Party B,2499,1682,26,4576,85,3649,457,57
951,2020-11-02,Christopher Dillon,Party B,8591,7983,24,4677,12,4794,570,3
99,2021-10-31,Daniel Smith,Independent,4423,9881,51,2810,42,9241,231,6
853,2022-11-03,Stacey Turner MD,Independent,2403,513,15,8486,22,2385,596,50
605,2022-06-09,John Whitehead,Party B,5532,4691,50,238,12,7657,592,53
825,2021-07-08,Todd Ballard,Party B,596,4404,92,9443,83,8637,971,45
345,2021-07-26,Michael Johnson,Independent,8248,395,70,109,0,1699,892,88
732,2020-07-21,Stefanie Fields,Party A,8932,3027,26,6302,34,7404,479,55
13,2021-09-15,Mark Padilla,Independent,6750,7060,54,8829,22,5087,774,67
950,2023-09-12,Michael Barnett,Independent,306,6927,81,2976,40,2762,980,16
590,2020-08-16,Warren Floyd,Party A,8697,594,90,8437,41,9604,349,14
721,2021-01-13,Jeffrey Johnson,Party B,5153,9165,78,9921,80,930,473,9
979,2022-11-24,Gabriel Benson,Party B,5048,5032,73,2045,67,5659,66,26
302,2023-10-28,Jesus Miller,Party A,7362,6949,78,7521,66,6391,376,37
44,2021-05-22,Miranda Avery,Party A,1580,5656,89,5176,14,5950,340,16
217,2024-03-14,Joshua Dawson,Party B,1057,6720,96,1042,2,3193,776,71
602,2021-02-03,Hannah Yu,Independent,996,8407,63,6498,22,1366,323,61
85,2020-04-26,Keith Brooks,Independent,9328,6791,10,2090,67,8908,378,0
666,2020-07-03,Nicole Kelley,Party A,8708,2996,42,7702,98,1955,282,15
186,2020-03-14,Carol Heath,Party B,4789,3983,20,4359,28,1995,233,44
351,2024-04-14,Chad Grant,Party B,9745,5200,15,2582,85,2013,771,7
269,2020-11-15,Susan Barnes,Party A,1013,5146,12,4409,58,5557,44,20
263,2021-06-21,Justin Jensen,Party B,8567,7871,66,4443,73,7528,205,77
750,2021-09-15,Emily Cisneros,Party B,8100,568,49,7988,3,5186,747,27
2,2023-03-13,Isaac Poole,Party A,9057,9420,60,9694,66,9320,815,16
200,2022-09-07,Tracy Cohen,Independent,7433,5056,99,1978,3,8781,423,9
360,2021-03-18,Sharon Donovan,Party B,9938,2975,14,2583,23,3347,680,31
413,2020-11-05,Cory Johnson,Party A,9557,4161,17,9330,13,1009,897,97
729,2024-02-21,Kayla Williamson,Party A,2717,3022,93,2576,42,1263,504,9
972,2022-02-24,Cindy Edwards,Independent,2515,5934,50,8442,60,4122,996,15
416,2023-10-28,Zachary Calderon,Independent,2723,3484,77,7629,48,4270,644,5
675,2022-10-02,Robert Washington,Party A,529,8125,27,5466,78,6510,844,5
136,2020-07-20,Ernest Cox,Independent,4752,789,75,1899,87,249,262,27
77,2022-07-11,Valerie Reynolds,Party B,2676,3751,85,500,4,1660,303,65
398,2024-05-09,Sarah Arellano,Independent,3606,350,65,6491,96,834,124,85
928,2021-10-08,Lori Miller,Party B,3970,9699,37,1596,97,9756,938,3
637,2022-10-15,Rebecca May,Party A,2001,4766,32,4438,18,8646,435,28
493,2022-08-24,Carolyn Scott,Party A,1609,2648,86,8773,41,7359,165,93
565,2020-06-02,Brendan Silva,Independent,7219,6213,20,8973,23,2334,650,34
886,2021-08-30,Brenda Marshall,Party A,3227,4943,52,9618,73,3372,286,16
870,2022-09-06,Bethany Franklin,Party B,5943,4257,99,4479,22,3079,339,94
717,2021-11-26,Mary Graham,Party B,674,2285,67,4030,92,3485,177,74
568,2021-08-11,Paul Johnston,Party B,8139,1108,49,7621,41,2069,693,45
848,2023-05-02,Joshua Roach,Party A,995,4957,62,9713,96,265,670,16
743,2022-03-15,Michael Campos,Independent,115,3176,15,4454,31,702,853,50
402,2023-07-23,Stephanie Lawrence,Party A,2250,3109,50,1291,72,9760,440,38
574,2021-05-11,Victoria Nguyen,Independent,7725,7020,20,1688,27,9215,175,19
932,2021-02-03,Rachel Fields,Party B,6461,6201,88,6263,58,301,391,89
530,2022-10-09,James Sullivan MD,Party B,1774,8223,7,1518,34,8964,144,0
808,2020-10-30,Kristine Harmon,Party B,4440,6073,34,4214,65,560,429,84
545,2021-05-14,Michael Summers,Party B,3012,1581,78,2983,16,6577,132,34
606,2023-10-02,Christopher Barker,Independent,3135,2664,97,6430,81,9590,488,40
53,2020-10-18,Jessica Rogers,Party A,9574,7343,6,5415,1,8673,890,91
211,2024-04-12,Kyle Copeland,Party A,9890,4172,90,8352,66,333,444,56
259,2022-07-24,Melinda Jones,Party A,9627,8021,40,701,97,8672,966,45
491,2020-08-18,Martin Rice,Party A,3096,1846,52,2817,40,7737,920,43
549,2024-01-22,Timothy Cortez,Party B,6757,9423,89,3152,99,9413,444,92
251,2023-09-23,Jason Perkins,Independent,6762,1877,70,6227,87,1822,332,28
331,2020-04-19,Thomas Edwards,Party B,9112,2228,33,2803,82,7463,99,79
137,2020-11-20,Lauren Ramos,Party B,3729,1708,29,9394,23,3099,365,60
488,2021-06-27,Timothy Watkins,Independent,6394,1504,64,166,76,4114,392,49
14,2022-11-28,Jill Valencia,Party A,1302,7464,95,511,78,7462,360,46
905,2022-09-10,Peter Beck,Party B,7971,8765,60,3832,7,3101,879,13
390,2021-07-12,Rebecca Davis,Party A,2216,1346,16,2929,17,9523,791,91
94,2021-03-30,Maria Woods,Party B,6660,6034,4,7255,78,7308,316,32
297,2020-02-08,William Ramos,Party A,5002,1314,9,8624,80,852,265,60
615,2022-01-21,Emily Christian,Party A,7813,8882,75,9780,46,3268,366,15
197,2023-08-17,Kimberly Richardson,Party A,2538,9775,58,9620,81,4335,93,15
156,2020-07-06,Ashley Harrison,Independent,4773,8740,18,1877,15,6445,991,34
78,2023-08-21,Stephen Bennett,Party A,6023,6865,30,9141,10,4466,835,55
987,2022-10-27,Steven Young,Party A,7018,1989,76,9398,68,4217,348,81
395,2022-12-31,Brandon Burke,Party B,3261,9341,11,748,20,2099,964,45
660,2023-07-14,Taylor Richard,Party B,4244,5463,28,4423,36,4626,635,65
367,2020-04-02,Cynthia Walters,Party A,6276,1257,8,2463,10,1409,120,70
18,2024-01-20,Colleen Willis,Party A,8986,4942,95,7429,92,5817,459,90
731,2020-08-05,Ashley Walsh,Independent,6830,426,76,2759,49,571,956,74
507,2021-10-18,Jeff Kramer,Independent,7500,1360,22,524,95,4404,446,13
449,2020-10-09,Laura Smith,Independent,5128,7025,12,1183,57,3825,786,51
851,2023-04-19,Barbara Parker,Independent,135,3460,20,7274,64,5767,905,87
504,2023-06-14,Wayne Castillo,Party A,6474,6843,43,428,29,6673,69,31
316,2022-07-19,William Richard,Party B,8574,7805,60,6967,99,5694,732,43
543,2020-11-07,Sharon Harris,Independent,9516,2233,29,6766,73,2510,33,35
404,2024-01-04,Amanda Cole,Party A,8384,6340,79,7965,57,1148,938,51
407,2022-05-23,Kevin Thomas,Independent,229,1001,18,6466,78,351,736,41
459,2020-09-18,Maria Sharp,Party A,8730,6645,91,6221,85,4722,262,97
672,2021-08-02,Luis Hill,Party A,513,1470,74,1986,72,8966,854,80
877,2020-12-19,Paul Clarke,Party A,6171,825,41,2029,55,4698,81,46
926,2021-10-18,Tammy Wright,Party B,5634,7905,16,9852,90,7881,190,60
894,2023-09-10,Jessica Gibson,Party A,4027,1740,94,2522,18,3495,256,66
40,2023-05-07,Robert King,Party B,5859,2575,35,2596,53,5867,590,27
483,2024-01-14,Kerri Hernandez,Independent,4845,1835,73,5263,89,1768,446,68
382,2022-12-17,Stephanie Warren,Party A,6784,2136,9,5609,75,6796,953,34
570,2023-07-22,Jamie Scott,Independent,8725,8463,12,8945,76,1030,902,92
786,2022-04-21,Justin Wright,Party A,7767,1493,73,4204,32,6220,717,94
734,2024-05-05,Joseph Moore,Independent,2600,3179,20,7329,50,7663,138,13
964,2023-02-13,Tiffany Rojas,Independent,7085,5916,51,8208,86,2158,500,28
902,2024-03-29,Sandra Ochoa,Party A,5616,8999,29,4283,38,4663,79,1
494,2022-03-04,Jessica Matthews,Party A,5292,781,8,5992,98,5975,869,18
625,2020-12-29,Jeffrey Oconnor IV,Independent,1812,7264,15,4204,14,8743,397,96
640,2023-08-06,Jesse Bird,Independent,1953,9904,81,8693,6,4042,573,52
69,2020-03-01,Brian Espinoza,Independent,3677,196,70,4646,66,8733,68,57
12,2021-05-09,Marcia Bennett,Party B,8066,9873,55,604,68,7325,398,17
50,2021-12-27,Alan Garrison,Independent,2985,2415,9,7241,33,3283,126,26
782,2021-12-28,Gregory Stanley,Independent,9052,3845,20,6747,18,201,106,64
86,2021-11-29,Michele Smith,Party B,9920,2650,75,9022,40,3261,743,53
490,2023-05-12,Cory Perry,Independent,5290,6377,7,3856,10,5130,666,80
662,2021-09-13,Kristina Lewis,Independent,5779,4724,59,3305,48,8073,541,61
623,2021-12-28,Jackson Terrell,Party A,4343,2776,14,947,6,5509,965,42
92,2023-11-09,Breanna Wang,Party B,2055,6767,49,3072,40,2567,117,90
220,2021-11-16,Gary Mccoy,Independent,1057,3952,25,829,97,812,228,18
76,2022-12-04,Timothy Sanders,Party A,923,5254,63,4195,52,7239,229,68
802,2022-12-08,Patrick Summers,Party B,9140,9692,64,26,57,7742,790,46
548,2020-10-24,Kylie Villa,Party B,9756,667,40,4129,9,928,273,51
495,2023-04-03,Mario Valdez,Independent,8354,4379,0,3175,98,3829,341,46
758,2022-06-15,Craig Alvarado,Party A,3838,7664,59,6937,37,8725,749,7
885,2022-04-11,Jeffrey Santos,Independent,4870,9627,32,6153,36,9645,669,36
379,2022-05-21,Andrew Archer,Independent,9081,900,83,3028,49,4063,954,34
646,2023-12-10,David Moon MD,Party B,4149,1030,81,5822,74,5310,440,64
112,2020-12-09,Brittney Cunningham,Party B,7233,3353,66,8195,77,7204,114,21
124,2024-01-16,Frank Sanchez,Party A,2154,8869,94,2647,10,2618,318,98
265,2022-04-03,Christopher Castillo,Party B,487,6307,74,9077,3,5141,447,35
550,2022-01-21,Derrick Watson,Independent,3389,904,22,4282,38,3213,985,98
630,2021-01-19,Aaron Ferrell,Independent,8660,2052,75,6985,42,5143,95,1
510,2023-04-12,Ann Barr,Independent,7448,903,88,1723,64,2691,846,45
678,2020-03-09,Kimberly Robinson,Party B,5052,3431,79,7802,12,5166,249,31
378,2021-05-06,Joseph Reeves,Party A,5342,1788,67,4440,0,5633,725,2
931,2023-08-23,Jessica Mason,Party B,4491,844,84,4643,23,5877,830,72
735,2023-06-17,Timothy Walters,Party A,6008,15,45,7706,90,3498,175,40
408,2022-08-05,Vanessa Clark,Party A,9525,4500,3,7939,0,3865,977,22
860,2021-07-27,Daniel Carpenter,Independent,262,5819,70,2243,60,6058,992,67
501,2023-05-25,Emily Edwards,Party B,469,9940,34,1513,62,9924,230,7
126,2021-04-17,Jill Richard,Party B,731,7281,32,9709,99,7681,14,78
718,2023-12-19,Ashley Monroe,Party B,9347,2157,60,86,54,3084,224,32
837,2024-02-14,Paul Lopez,Party B,1361,4758,38,2122,34,6475,924,22
598,2022-10-04,Peter Patterson,Party A,4144,4221,75,2763,8,5213,322,65
191,2022-10-02,David Brown,Party A,1526,6373,81,1058,3,4894,896,96
521,2020-03-03,Robert Scott,Party A,2930,6430,27,5503,75,4486,257,47
397,2020-10-19,Adrian Chaney,Independent,5331,4004,77,6665,97,5813,663,95
370,2022-10-23,John Lee,Party B,447,479,12,143,77,6845,326,73
226,2021-10-14,Michael Daniels,Party A,4491,6589,57,568,19,2271,959,80
20,2020-12-06,Amanda Garcia,Party A,7385,1143,14,8627,13,7366,591,91
591,2021-01-27,Julie Combs,Independent,2282,7135,57,8632,78,7983,110,35
658,2023-09-13,Elizabeth Adkins,Independent,986,2706,75,4947,96,1325,919,16
613,2024-02-14,Katie Gutierrez,Independent,2591,8690,7,5059,22,1758,425,7
948,2023-11-01,Kimberly King,Party A,5802,6896,80,6827,92,9775,2,47
803,2020-07-24,Xavier Smith,Independent,2167,6720,69,4327,75,3464,48,88
609,2022-09-05,Gerald Murray,Independent,3707,1320,72,8596,11,2862,794,78
57,2020-12-10,April Knight,Party B,8098,3379,48,4078,43,6273,616,86
282,2024-04-10,Lisa Chambers,Party B,1,761,90,5153,4,3425,5,52
180,2021-10-15,Joanna Wise,Independent,8554,6559,36,4615,7,4781,330,52
830,2020-05-15,Lisa Phillips,Party A,6356,6472,93,3636,92,8060,72,96
911,2022-03-20,Anna Olson,Independent,1043,8024,25,6634,50,2188,97,65
438,2022-03-23,Grace Chang,Party B,3943,9914,17,5903,90,9283,193,84
346,2021-07-30,Jennifer Williams,Party B,8270,2530,67,1795,29,6818,459,37
17,2023-07-05,Charles Arnold,Party A,7576,3175,30,5565,70,4761,354,47
614,2024-03-22,Paula Curtis,Independent,9124,1888,56,2199,87,5852,621,88
693,2020-06-25,Kelly Hernandez,Party A,7020,8510,84,4860,99,7774,429,76
920,2022-03-09,Michelle Gonzales,Party B,788,9429,88,8961,54,4520,450,38
940,2023-12-17,Walter Ayers,Party A,9978,4722,78,3473,41,5713,60,77
584,2022-09-03,Amy Miller,Party A,5374,2739,76,9391,74,8901,915,39
695,2023-05-01,Angela Conner,Independent,988,1773,76,1345,28,6120,863,68
364,2022-12-02,Daniel Hernandez,Independent,4253,6940,92,6703,90,5892,595,69
51,2023-09-27,Anthony Edwards,Independent,6919,7720,58,4264,36,9020,368,71
293,2021-06-14,Rebecca Wallace,Independent,2502,4693,30,7789,50,5419,744,21
532,2023-05-12,Julie Miller,Party B,9927,1358,94,8990,38,7223,261,56
160,2020-11-14,Jessica Hughes,Party A,4923,2419,82,3846,74,3184,209,59
328,2022-03-07,Karen Jackson DVM,Party B,951,1113,49,972,28,9909,790,96
235,2023-05-08,Diana Hopkins,Independent,9307,1257,63,302,47,5070,563,44
728,2021-10-14,Selena Mccoy,Independent,710,6645,39,638,99,4362,431,56
288,2022-01-31,Michael Lewis,Party A,6195,5515,83,9515,87,634,244,16
481,2024-01-26,Amanda Jackson,Independent,2771,6174,4,4181,38,9564,143,75
145,2024-02-02,Christie Martinez,Party A,7498,703,44,1099,61,3405,504,97
917,2023-02-28,Peter Huerta,Independent,7489,873,92,200,16,8068,638,52
87,2020-03-31,Kelly Small,Party B,210,2579,1,1571,79,9539,900,12
385,2022-05-08,David White,Party A,1347,4083,48,883,95,9059,541,5
797,2020-06-10,Martin Frost,Party A,6932,6899,32,4997,32,6137,973,49
531,2023-11-19,Robert Ramirez,Party B,2657,8323,65,3499,35,5183,643,77
701,2020-08-31,Denise Martinez,Party B,6112,1322,58,8064,24,5252,865,41
575,2023-10-22,Brittney Smith,Independent,5890,7137,41,7422,71,633,532,27
723,2023-07-09,Alexander Short,Party B,2023,2296,19,5362,13,4137,454,48
141,2022-05-03,Corey Osborn,Party B,8049,2349,81,6875,96,7479,438,10
665,2020-03-17,Joshua Macias MD,Independent,6396,6515,2,8951,89,7893,363,64
341,2023-08-08,Matthew Bush,Party B,5626,2989,37,4737,53,5819,859,72
15,2021-09-24,Rebecca Vargas,Party A,5696,2256,66,3754,15,2129,357,33
64,2021-09-23,Matthew Henson,Party B,6623,1758,20,207,57,293,408,57
599,2023-01-07,Kevin Benton,Party B,7646,3361,99,4762,74,2721,812,7
513,2020-06-19,Andrew Davis,Party A,7268,4708,14,9035,46,7576,618,86
458,2020-12-13,Lisa Daugherty,Party A,7718,147,16,7120,90,6366,938,88
805,2020-01-25,Patricia Anthony,Independent,9553,579,18,7152,97,2090,468,12
199,2023-03-05,Valerie Payne,Party A,9103,2643,52,4948,21,2308,430,62
846,2021-10-26,Aaron Wolfe,Party B,6717,7539,34,4322,72,416,900,96
711,2023-08-08,Jasmine Berry,Party A,2895,2718,57,5554,41,7177,997,25
387,2021-10-01,Megan Murphy,Party B,8818,5662,65,2767,38,3790,603,82
450,2023-06-04,Teresa Bradshaw,Party A,7449,1923,53,3097,63,1381,643,6
814,2020-03-06,Brandi Fuller,Party B,4559,1804,32,1040,90,7139,89,73
59,2021-12-27,James Schneider,Party B,1217,2462,66,9274,61,8788,772,32
188,2020-09-05,Lauren Bishop,Party B,1285,843,62,2085,90,6955,963,38
831,2021-12-31,Crystal Olson,Independent,5169,9212,28,7840,26,1199,225,75
344,2020-07-24,Robert Lara,Independent,8474,4486,76,8422,71,4271,940,49
587,2024-05-18,Ronald Morales,Party B,8958,6688,17,330,71,9500,360,90
871,2024-03-10,Mathew Wood,Party A,2286,3882,36,2375,54,407,412,56
129,2022-05-28,Ruth Rogers,Party A,7353,9746,34,9278,14,8584,393,63
350,2022-07-09,Robin Brooks,Party A,2020,5949,58,2170,21,9094,827,64
594,2022-12-26,Crystal Campbell,Party A,6051,2904,41,7279,48,2943,624,15
456,2024-04-17,Sara Price,Independent,7310,6248,45,4976,69,2071,31,13
473,2020-08-16,Christopher Smith,Party A,2948,4912,0,1867,94,4326,834,11
799,2024-02-17,Amy Cochran,Party A,6465,5697,80,5986,65,9205,18,28
212,2024-01-10,Amanda Barrett,Party B,7551,1392,19,2531,98,9363,525,67
298,2022-10-13,Victoria Barrett,Party A,7811,9873,8,1184,46,288,980,69
446,2022-01-21,James Fox,Independent,5137,2103,75,6727,19,7798,625,42
883,2020-09-23,Tracy Gallegos,Independent,9750,3611,4,1213,25,7810,858,10
839,2022-03-24,Alfred Baldwin,Party B,2157,6174,26,2541,52,1391,339,28
772,2021-07-01,Mike Olsen,Party A,1993,7255,36,9918,8,1417,473,38
28,2020-07-11,Tara Hoover,Independent,5966,5030,14,9639,75,7509,754,61
460,2020-01-20,Steven Campbell,Independent,4782,7336,90,4897,10,8839,616,8
427,2022-07-01,Brian Guzman,Party B,8824,2683,3,5213,89,4502,276,79
277,2021-07-28,Jennifer Miller,Party B,2156,6076,7,3836,9,8805,326,26
994,2024-03-17,Walter Villa,Independent,4486,7800,58,9654,54,6755,160,48
533,2023-09-27,Tina Watson,Party B,9715,7905,61,6721,29,4139,579,74
516,2022-03-15,Heather Long,Party B,7676,5046,84,9335,87,134,752,52
755,2024-05-06,Donald Wilson,Party A,9406,3197,12,6629,17,5539,838,31
451,2023-01-16,Cynthia Bennett,Party B,1542,4769,85,1762,18,8369,951,49
280,2020-08-03,Mr. Matthew Jordan,Party A,9177,341,64,496,57,9183,722,81
654,2021-01-19,Joseph Murray,Party B,8786,7820,63,776,75,3708,231,21
119,2024-01-24,Lisa Hernandez,Independent,568,6563,9,5971,33,4472,78,53
579,2021-12-22,Justin Stout,Party A,8973,8951,2,3663,9,9033,301,83
167,2021-08-22,Larry Moore,Independent,5132,7914,9,4314,72,3204,770,69
854,2022-10-21,Gabrielle Ellison,Independent,1665,4938,70,2880,38,2735,387,3
97,2021-12-04,Megan Fuentes,Party B,4615,724,15,3663,87,8845,806,70
142,2024-03-08,John Watkins,Party A,2897,824,45,1081,60,1312,546,57
714,2023-08-20,Elizabeth Martin,Party B,9275,9287,22,5202,80,8778,267,81
656,2022-10-25,Vickie Roberts,Party B,4017,2533,93,7514,14,154,518,54
22,2021-08-25,Stephen Thompson,Party A,2622,2775,91,8417,2,745,203,74
642,2022-03-19,Lisa Olson,Party A,3125,7715,69,3525,22,7063,808,88
194,2022-12-28,Maria Collins,Party A,5230,6837,98,3181,3,4369,593,6
171,2021-07-06,Deanna Gonzalez,Independent,7569,1605,18,8823,52,2700,794,96
122,2022-06-06,Denise Reyes,Independent,4736,3484,14,2298,96,3319,370,53
290,2021-05-07,Paul Rodriguez,Independent,2248,4749,60,4387,40,588,718,45
4,2021-06-29,Katherine Moran,Party B,7915,3968,54,5650,1,9117,253,70
878,2021-11-06,Megan Rice,Party B,2344,6821,44,2572,68,6245,285,97
857,2023-05-30,Michael Briggs,Party B,5887,1429,76,9265,52,3965,176,57
9,2020-09-15,Trevor Williams,Party B,6743,210,70,2683,19,6444,763,98
108,2021-06-09,Edwin Chapman,Party A,4264,7846,58,2391,28,8315,908,53
247,2020-04-05,Andrea Miller,Party A,5718,1132,81,6849,62,6674,369,97
918,2020-06-27,Felicia Townsend,Party B,6314,4790,58,5704,75,9985,933,79
899,2021-04-19,Stephen Johnson,Party B,7088,164,79,7503,30,7764,958,36
592,2022-11-26,Abigail Carey,Independent,2073,7941,28,3563,35,3558,913,31
815,2021-02-23,Michelle George MD,Party A,5438,8958,15,5913,70,278,984,97
202,2020-04-05,John Medina,Party B,1472,2367,44,1176,17,5088,840,48
153,2023-10-25,Cheryl Thompson,Party B,3827,6952,54,281,84,5835,168,76
254,2024-02-11,Tina West,Independent,4751,1977,96,7294,50,4463,401,64
896,2021-03-20,Jennifer York,Party A,8734,7097,68,838,81,2470,851,64
710,2020-10-26,Evan Green,Party A,5859,8550,17,6520,41,6612,476,37
725,2020-04-30,Chelsea Williams,Independent,8053,9116,84,484,72,968,242,40
410,2021-03-10,Theresa Stokes,Independent,761,7191,32,3513,27,6914,746,64
431,2023-11-11,Richard Villanueva,Party B,9983,7107,30,8203,65,954,496,16
441,2022-11-02,Jennifer James,Party A,7975,6551,19,2944,96,5193,908,55
56,2022-07-05,Mr. Shawn Wright DDS,Party B,8309,7144,72,1631,76,4352,896,69
761,2022-12-25,Donna Mccoy,Party B,6177,4310,10,1666,34,8107,456,65
373,2022-01-08,Elijah Pratt,Party A,8994,5722,31,3934,49,6612,728,50
329,2020-12-04,Brian Perez,Independent,5803,919,37,7780,22,7375,380,4
365,2022-02-13,Bobby Hammond,Party B,3437,8925,97,4572,84,77,222,8
499,2023-07-04,Sandy Holmes,Party A,8875,4450,75,7163,51,6537,483,4
760,2023-05-31,Alex Campbell,Party A,6812,7274,94,9094,16,5736,131,75
621,2022-10-08,Brian Daniels,Party B,8822,3860,79,370,63,8304,146,57
868,2022-08-30,Kimberly Marks,Party A,6352,1664,21,6044,99,5904,112,30
506,2021-08-27,Lynn Nelson,Party A,1092,2239,50,2576,22,7890,703,94
201,2020-02-15,Michael Moreno,Party B,5545,8969,47,7050,8,33,559,8
647,2020-12-17,Benjamin Aguilar,Party B,3143,4957,11,8085,75,2093,89,55
33,2021-02-01,Susan Mcclain,Independent,1069,8512,81,3972,61,5479,158,38
264,2021-03-25,Brandon Cox,Party A,2609,5642,97,7406,20,3341,363,37
10,2024-01-30,Tommy Key,Party A,9173,2387,25,2704,12,5204,65,47
810,2023-05-12,James Ayers,Party B,7388,8726,87,173,83,967,795,56
677,2021-08-31,Brian Anderson,Party B,3209,4439,33,5921,83,3371,256,89
46,2023-05-09,Duane Miller,Independent,9626,9430,24,3948,7,3054,977,68
997,2024-03-22,Darlene Schaefer,Party B,3633,1988,67,7273,38,4955,644,40
638,2021-11-08,Kathleen Sweeney,Party A,9010,4341,54,7604,29,3721,21,63
632,2020-01-30,Margaret Palmer,Party B,1016,5757,52,4029,64,9402,988,72
697,2024-01-26,Laura Miller,Party A,9892,5154,22,4215,31,4983,580,17
469,2023-01-16,Erik Ward,Independent,4683,8235,28,2874,70,2111,681,33
892,2022-11-14,Jessica Lewis,Independent,6916,4278,13,1322,39,1760,888,20
934,2022-06-12,Janet Jones,Party B,2449,2751,68,2904,84,1582,117,71
294,2023-10-22,Willie Boone,Independent,9373,7858,13,2201,3,169,586,26
210,2022-09-03,Amy Berry,Party B,2212,2845,17,7418,31,4464,51,95
272,2020-12-11,Anthony Santana,Party B,4007,3896,10,6509,85,7133,377,6
719,2022-02-15,Jessica Singleton,Party A,5054,2415,92,7563,39,8696,832,2
626,2020-01-10,Bryan Williams,Party B,3582,2308,76,79,39,1095,944,83
643,2023-11-02,Elizabeth Adkins,Party B,3263,8297,83,8643,33,2163,924,1
422,2022-03-30,Caitlin Holmes DVM,Party A,6188,2930,75,7895,87,6899,500,54
707,2020-06-17,Rita Franklin,Party A,294,5985,50,5057,14,9382,937,44
371,2022-03-12,Christopher Jones,Independent,4230,1526,26,6672,0,3795,864,91
208,2023-05-28,Joseph Ellis,Party B,3993,8968,15,9682,62,3426,640,69
335,2022-04-20,Bryan Lewis,Party A,1271,285,12,2013,74,288,419,68
246,2020-12-24,Amy Lara,Independent,6095,9281,98,5305,79,1694,791,71
667,2023-04-15,Mary Stewart,Party B,5185,2865,1,820,72,158,538,53
400,2020-02-19,Clifford Baker,Independent,621,9361,77,6685,13,5870,623,74
708,2023-09-12,Lisa Mitchell,Party A,8375,2311,59,2547,36,7666,458,70
250,2020-02-07,Bryan Hernandez,Party B,9439,4542,80,3732,78,8431,696,81
248,2020-12-31,Michael Santiago,Party B,7175,3310,87,885,83,9274,754,17
140,2020-01-02,Jennifer Bullock,Party B,4953,6446,55,4704,33,2834,382,2
904,2020-03-11,William Moore,Independent,6732,9036,25,6253,37,3023,470,13
745,2021-06-21,Paul Everett,Party B,4194,6096,15,1219,71,2803,484,81
919,2021-03-20,Patricia Brown,Party A,9611,4913,61,9319,16,1233,673,81
418,2020-11-06,Shane Cruz,Party B,7214,6539,50,3297,73,8742,314,99
213,2024-04-22,Tom Woodward,Independent,1258,5739,52,2517,84,8081,877,24
274,2023-07-13,Michael Page,Party A,8728,8284,45,4407,79,8119,382,65
962,2024-04-15,Chelsea Anderson,Independent,8164,7926,78,9712,24,6149,679,59
239,2021-07-07,Robert Stewart,Party A,7965,4116,23,3228,96,4801,108,41
639,2021-03-31,Roy Ellis,Party A,6920,2323,70,1202,69,1952,759,37
305,2020-01-26,Michael Smith,Independent,2175,757,88,8399,81,5396,537,85
486,2022-01-20,Richard Mercado,Independent,1216,3141,63,1949,81,8852,752,6
65,2021-06-27,Donald Bridges,Party A,6756,6368,80,9376,48,6125,306,59
604,2023-01-14,Debra Lambert,Independent,8047,1488,95,3959,21,842,189,3
134,2022-02-22,Kim Walker,Party A,1460,3838,84,7247,62,4319,498,24
467,2023-02-25,Nicole Ward,Party A,4845,5150,96,3820,58,7405,811,91
266,2022-05-17,Keith Miller,Party A,2350,4784,37,7996,47,2966,963,87
470,2020-10-20,James Lambert,Independent,3864,9635,26,7402,47,8996,629,12
454,2023-08-02,Daniel Brown,Independent,9882,4373,3,6298,91,2970,663,48
198,2020-11-20,Cynthia Parker,Party A,1023,6118,42,935,74,1215,590,23
982,2023-03-09,Earl Brown,Party A,4509,2835,78,2975,23,6562,214,33
999,2023-09-20,Brandy Hayes,Party B,7333,6709,18,3161,17,7522,967,81
330,2021-12-22,Michael Davis,Independent,9828,4910,51,1128,77,4949,362,65
148,2020-06-14,Joyce Kramer,Party B,7005,7269,64,2476,55,8576,692,35
552,2020-03-22,Sara Smith,Party A,6160,2600,45,9908,4,6336,796,11
348,2020-09-01,Randy Diaz,Party A,9645,8249,65,3462,37,1205,757,7
176,2024-04-30,Dawn Wallace,Independent,7376,1704,40,979,74,5903,291,88
556,2020-11-07,Brittany Wagner,Party B,4817,6825,9,8670,72,6429,311,10
393,2020-02-13,James Anthony,Party B,4439,4568,48,1218,27,3013,668,80
484,2023-02-22,Jasmin Johnson,Independent,7460,284,51,3940,89,7189,372,59
941,2023-07-27,Kaylee Nelson,Party B,935,9275,63,1060,55,5051,291,73
859,2023-01-30,Cameron Williams,Independent,3633,4527,34,6560,19,9360,105,58
123,2023-06-13,Erica Smith,Independent,4684,4563,57,6018,53,8643,956,64
873,2021-02-15,Heather Gutierrez,Party A,6086,5075,75,5363,70,9198,583,38
967,2021-12-04,Caitlin Boone,Independent,8353,2746,94,8684,44,8887,559,31
567,2022-06-26,Kevin Harris,Independent,2587,7855,73,6736,97,9518,108,97
35,2021-07-07,Crystal Reed,Party B,8629,791,54,4265,38,6319,210,68
589,2023-11-15,Chad Brennan,Party B,5428,4518,92,5645,86,34,447,47
261,2021-03-03,Dillon Hines,Party A,1058,2183,34,1723,70,4069,383,80
661,2021-10-22,Gabriel Holloway,Party A,8551,2218,27,7450,61,5555,217,66
898,2022-12-02,Jason Harris,Party A,6385,6684,87,1911,97,1965,450,10
746,2022-07-12,Patricia Montoya,Party B,5099,8765,75,6401,71,7947,861,20
996,2022-07-19,James Nguyen,Independent,6368,549,60,2251,12,8426,593,62
42,2022-03-08,Andre Flynn,Independent,5963,8111,95,9511,33,280,905,67
455,2023-10-08,Monique Mclaughlin,Party A,6467,6721,50,3901,89,4608,810,58
36,2023-04-26,Brian Montgomery,Party A,2234,1448,73,9330,66,8196,248,32
475,2024-02-28,David Lopez,Independent,1697,6661,22,3905,36,821,943,52
301,2022-06-22,Andrea Green,Independent,4417,3177,91,114,63,4249,342,23
747,2023-07-07,Richard Brooks,Party A,6794,477,19,6687,3,8898,404,81
775,2020-07-28,Tom Floyd,Party A,8489,4274,96,294,78,5843,881,32
187,2022-10-11,Christina Berg,Party A,6294,7723,47,4731,26,8706,99,68
650,2022-08-12,Justin Townsend,Party B,6993,1175,43,5036,58,1417,991,10
336,2022-07-30,Daniel Gates,Independent,2077,7512,95,942,84,4485,790,96
850,2022-07-29,Grace Williams,Party B,2678,6349,83,1495,28,8747,685,3
61,2022-07-30,Samantha Carpenter,Independent,2699,5674,46,775,85,108,455,82
906,2021-08-24,Bryan Farmer,Party B,8066,1621,39,1912,77,3271,959,86
237,2020-08-06,Jacqueline Harris,Party B,1276,626,44,790,79,9671,597,75
362,2021-10-28,Denise Kidd,Party A,2151,1277,12,2363,74,7599,101,58
354,2022-05-25,Sherry Hunter,Independent,4702,2666,62,8520,99,1154,75,21
685,2020-07-27,Jennifer Smith,Party B,3482,1405,21,8288,84,8785,985,76
952,2023-12-28,Brianna Miller,Party B,9843,2008,41,2161,61,7959,204,28
130,2020-01-26,Bobby Foster,Party B,79,1160,98,8207,38,2793,528,4
146,2020-12-13,Elizabeth Bass,Party B,5519,9804,91,3144,33,2186,935,87
509,2022-05-05,Steven Thompson,Party B,1010,1708,2,6755,69,2742,26,66
300,2023-01-31,Jacob Hunter,Independent,528,6259,88,2062,95,7368,858,31
754,2023-09-03,Krista Morris,Party B,5217,3386,25,7208,31,2627,539,83
84,2022-04-01,Gregory Davis,Independent,4436,3621,11,7326,4,1723,439,7
709,2022-08-09,Paula Trujillo,Independent,3998,9350,19,2113,80,2006,579,95
978,2020-02-24,Paula Mathews,Party A,524,2146,80,3741,59,9270,877,54
828,2021-02-09,Shane Griffin,Party B,2396,2908,77,5427,4,494,393,61
577,2021-10-29,Brandon Lewis,Independent,8464,8674,22,7968,26,9113,335,39
206,2021-11-29,Ryan Reed,Party A,6497,98,92,9950,65,7743,678,13
39,2021-07-15,Dr. Mike Lin MD,Independent,9864,5275,74,5700,53,3240,391,95
120,2023-08-01,Nathan Hill,Party A,2684,4653,80,4828,9,5528,546,0
105,2020-05-26,Timothy Terry,Party A,9293,7426,32,4767,79,3467,513,68
406,2022-11-01,Janet Stone,Independent,5432,5998,39,5095,73,7763,941,55
62,2020-03-16,Tracy Little,Independent,1037,4688,71,9093,29,7269,419,21
989,2021-11-10,Andrea Jones,Independent,9309,6671,3,3680,2,4087,524,30
847,2022-07-13,Janice Adams,Independent,5875,4560,4,6987,56,834,462,20
414,2020-05-01,Jacob Wright,Party A,2260,7446,9,3825,77,6409,424,3
16,2021-10-05,Jennifer Merritt,Party A,478,1357,12,153,53,1205,489,21
588,2024-01-28,Jill Smith,Independent,3267,7386,73,8999,96,2333,90,25
115,2023-08-20,Joshua Bishop,Party A,817,9689,9,4102,81,4999,908,74
916,2022-07-22,Angela Poole,Party A,4608,914,76,6806,0,564,588,70
536,2020-08-09,John Richardson,Independent,7251,5689,40,8273,97,7690,957,87
81,2023-04-18,Jeremy Young,Party A,4760,5789,62,1299,78,853,281,15
432,2021-05-30,Kelli Williams,Independent,3832,8860,31,3077,85,9215,819,54
299,2022-05-06,Christine Lopez,Party B,939,1390,48,707,68,6097,181,41
736,2023-02-12,David Schultz,Party A,3624,5061,27,1855,56,1059,286,13
